pddikti_institution_code,institution_name,address,province,contact,average_semester_fee,starting_semester_fee,ending_semester_fee,average_yearly_fee,starting_yearly_fee,ending_yearly_fee,body_type,link,student_amount,lecturer_amount,description
1,SEKOLAH TINGGI ILMU ADMINISTRASI AAN,"Blunyahrejo Karangwaru Tegalrejo, KOTA YOGYAKARTA",D.I. YOGYAKARTA,"{""website"": ""www.stia-aan.ac.id"", ""email"": ""stiaaan79@gmail.com"", ""phone"": ""0274-517471 / 0274-517471""}",8502500,980000,16025000,17005000,1960000,32050000,SWASTA,-,-1,-1,-
2,SEKOLAH TINGGI DESAIN INTERSTUDI,"Jln. Kapten Tendean No. 02 Kebayoran Baru JAKARTA SELATAN, KOTA JAKARTA SELATAN",D.K.I. JAKARTA,"{""website"": ""www.interstudi.edu"", ""email"": ""interstudi.stdi@gmail.com"", ""phone"": ""021-71793985 / 021-71790477""}",9450000,9000000,9900000,18900000,18000000,19800000,SWASTA,-,-1,-1,-
3,UNIVERSITAS KOMPUTER INDONESIA,"Jalan Dipatiukur No 112-114, KOTA BANDUNG",JAWA BARAT,"{""website"": ""www.unikom.ac.id"", ""email"": ""sektor@email.unikom.ac.id"", ""phone"": ""022-2503430 / 022-2503371""}",9017500,450000,17585000,18035000,900000,35170000,SWASTA,-,-1,-1,-
4,AKADEMI KEBIDANAN MADINA HUSADA,"Jl Willem Iskandar No 154-f Panyabungan Mandailing Natal, KABUPATEN MANDAILING NATAL",SUMATERA UTARA,"{""website"": ""Http//akbidmadinahusada.ac.id"", ""email"": ""husada_madina@yahoo.com"", ""phone"": ""0636-7003136 / 0636-3213136""}",3500000,1500000,5500000,7000000,3000000,11000000,SWASTA,-,-1,-1,-
5,SEKOLAH TINGGI TEKNOLOGI WARGA SURAKARTA,KABUPATEN SUKOHARJO,JAWA TENGAH,"{""website"": ""sttw.ac.id"", ""email"": ""stt_warga@sttw.ac.id"", ""phone"": ""0271621178 / 0271621176""}",14237500,4750000,23725000,28475000,9500000,47450000,SWASTA,-,-1,-1,-
6,UNIVERSITAS MUHAMMADIYAH JAKARTA,"Kampus A Jl. Cempaka Putih Tengah 27  Cempaka Putih, KOTA JAKARTA PUSAT",D.K.I. JAKARTA,"{""website"": ""www.umj.ac.id"", ""email"": ""info@umj.ac.id"", ""phone"": ""7401894 / 7430756""}",12255600,11201,24500000,24511201,22402,49000000,SWASTA,-,-1,-1,-
7,INSTITUT MARITIM PRASETIYA MANDIRI,KOTA BANDAR LAMPUNG,LAMPUNG,"{""website"": ""impm.ac.id"", ""email"": ""admin@impm.ac.id"", ""phone"": ""082186808887""}",4500000,3000000,6000000,9000000,6000000,12000000,SWASTA,-,-1,-1,-
8,SEKOLAH TINGGI ILMU MANAJEMEN INDONESIA YAPMI,"Jl Perintis Kemerdekaan KM 9, KOTA MAKASSAR",SULAWESI SELATAN,"{""website"": ""stimi-yapmi.ac.id"", ""email"": ""kampus.stimiyapmi@gmail.com"", ""phone"": ""4773029 / 4773031""}",-1,-1,-1,-1,-1,-1,SWASTA,-,-1,-1,-
9,SEKOLAH TINGGI ILMU EKONOMI BALIKPAPAN,"Perkampungan Pelajar Gn Pasir   Balikpapan, KOTA BALIKPAPAN",KALIMANTAN TIMUR,"{""website"": ""www.stiebalikpapan.ac.id"", ""email"": ""info@stiebalikpapan.ac.id"", ""phone"": ""0542-8500850/424819""}",4462500,1125000,7800000,8925000,2250000,15600000,SWASTA,-,-1,-1,-
10,AKADEMI TEKNOLOGI BOGOR,"Jalan Bina Marga No. 17 Bogor, KOTA BOGOR",JAWA BARAT,"{""website"": ""akatek-bogor.ac.id"", ""email"": ""akademi_teknologi@yahoo.com"", ""phone"": ""0251-8316-556""}",4000000,4000000,4000000,8000000,8000000,8000000,SWASTA,-,-1,-1,-
11,SEKOLAH TINGGI TEKNOLOGI PAYAKUMBUH,"Khatib Sulaiman, KOTA PAYAKUMBUH",SUMATERA BARAT,"{""website"": ""www.sttpyk.ac.id"", ""email"": ""stt.payakumbuh@yahoo.com"", ""phone"": ""0752-796063 / 0752-90063""}",-1,-1,-1,-1,-1,-1,SWASTA,-,-1,-1,-
12,IKIP SARASWATI,"Jalan Pahlawan No 2, KABUPATEN TABANAN",BALI,"{""website"": ""https://www.ikip-saraswati.ac.id/"", ""email"": ""ikipsaraswati@yahoo.co.id / ikipsaraswati240983@gmail.com"", ""phone"": ""0361814909 / 0361814909""}",3190000,3190000,3190000,6380000,6380000,6380000,SWASTA,-,-1,-1,-
13,UNIVERSITAS ANNUQAYAH,KABUPATEN SUMENEP,JAWA TIMUR,"{""website"": ""www.ua.ac.id"", ""email"": ""info@ua.ac.id"", ""phone"": """"}",3725000,950000,6500000,7450000,1900000,13000000,SWASTA,-,-1,-1,-
14,INSTITUT BISNIS DAN TEKNOLOGI KALIMANTAN,KOTA BANJARMASIN,KALIMANTAN SELATAN,"{""website"": ""https://ibitek.ac.id/"", ""email"": ""baak@ibitek.ac.id"", ""phone"": ""+6285250345454""}",-1,-1,-1,-1,-1,-1,SWASTA,-,-1,-1,-
15,UNIVERSITAS PRASETIYA MULYA,"Jl. RA. Kartini  Cilandak Barat, KOTA JAKARTA SELATAN",D.K.I. JAKARTA,"{""website"": ""www.prasetiyamulya.ac.id"", ""email"": ""bpm@pmbs.ac.id"", ""phone"": ""021-7511126/30450500 / 021-7500460/30450505""}",25500000,1000000,50000000,51000000,2000000,100000000,SWASTA,-,-1,-1,-
16,UNIVERSITAS MUHAMMADIYAH TASIKMALAYA,"Jalan Tamansari Gobras, KOTA TASIKMALAYA",JAWA BARAT,"{""website"": ""www.umtas.ac.id"", ""email"": ""kotaksurat@umtas.ac.id"", ""phone"": ""0265-2350982 / 0265-2350982""}",8725000,100000,17350000,17450000,200000,34700000,SWASTA,-,-1,-1,-
17,SEKOLAH TINGGI ILMU KESEHATAN BANTUL,KABUPATEN BANTUL,D.I. YOGYAKARTA,"{""website"": ""www.stikesbantul.ac.id"", ""email"": ""stikesbantul@gmail.com"", ""phone"": ""0274367760""}",4400000,800000,8000000,8800000,1600000,16000000,SWASTA,-,-1,-1,-
18,SEKOLAH TINGGI ILMU KESEHATAN HAKLI,"Jalan Dr Ismangil 27, KOTA SEMARANG",JAWA TENGAH,"{""website"": ""www.stikeshaklismg.ac.id"", ""email"": ""stikeshaklismg@yahoo.co.id"", ""phone"": ""024-7601844 / 024-76632464""}",4800000,4800000,4800000,9600000,9600000,9600000,SWASTA,-,-1,-1,-
19,SEKOLAH TINGGI ILMU KESEHATAN NOTOKUSUMO YOGYAKARTA,"Kampus I  : Jl. masjid PA No 5 Yogyakarta  Kampus II : Jl. Bener No 26 Tegalrejo, KOTA YOGYAKARTA",D.I. YOGYAKARTA,"{""website"": ""www.stikes-notokusumo.ac.id"", ""email"": ""admisi@stikes-notokusumo.ac.id"", ""phone"": ""587208 / 587402""}",3975000,500000,7450000,7950000,1000000,14900000,SWASTA,-,-1,-1,-
20,POLITEKNIK PRASETIYA MANDIRI,KOTA BOGOR,JAWA BARAT,"{""website"": ""https://prasetiyamandiri.ac.id/"", ""email"": ""info@prasetiyamandiri.ac.id"", ""phone"": ""02518356102 / 0251-8356102""}",4500000,4000000,5000000,9000000,8000000,10000000,SWASTA,-,-1,-1,-
21,INSTITUT CITRA INTERNASIONAL,KOTA PANGKALPINANG,BANGKA BELITUNG,"{""website"": ""www.ici.ac.id"", ""email"": ""institutcitrainternasional@gmail.com"", ""phone"": ""0717-422531""}",10175000,2400000,17950000,20350000,4800000,35900000,SWASTA,-,-1,-1,-
22,SEKOLAH TINGGI TEKNIK ISKANDAR THANI,"Jl. Alue Naga Desa Tibang Banda Aceh, KOTA BANDA ACEH",ACEH,"{""website"": ""sttit.ac.id"", ""email"": ""universitasiskandarthani@gmail.com"", ""phone"": ""065127545 / 065127545""}",16200000,2400000,30000000,32400000,4800000,60000000,SWASTA,-,-1,-1,-
23,UNIVERSITAS DOKTOR HUSNI INGRATUBUN PAPUA,KOTA JAYAPURA,PAPUA,"{""website"": ""www.uningratpapua.ac.id"", ""email"": ""humas@uningratpapua.ac.id"", ""phone"": """"}",3000000,3000000,3000000,6000000,6000000,6000000,SWASTA,-,-1,-1,-
24,UNIVERSITAS PAMULANG,"Jalan Suryakencana No 1 Pamulang  Kota Tangerang Selatan Provinsi Banten, KOTA TANGERANG SELATAN",BANTEN,"{""website"": ""www.unpam.ac.id"", ""email"": ""admin@unpam.ac.id"", ""phone"": ""7412566 / 74709855""}",3650000,2400000,4900000,7300000,4800000,9800000,SWASTA,-,-1,-1,-
25,UNIVERSITAS WERISAR,KABUPATEN SORONG SELATAN,PAPUA BARAT,"{""website"": ""unsar.ac.id"", ""email"": ""unsar47eo2022@gmail.com"", ""phone"": ""081240940380""}",2600000,2600000,2600000,5200000,5200000,5200000,SWASTA,-,-1,-1,-
26,UNIVERSITAS INDONESIA MEMBANGUN,KOTA BANDUNG,JAWA BARAT,"{""website"": ""https://inaba.ac.id/"", ""email"": ""universitasinaba@inaba.ac.id"", ""phone"": ""7563919 / 7563921""}",5600000,50000,11150000,11200000,100000,22300000,SWASTA,-,-1,-1,-
27,AKADEMI INFORMATIKA DAN KOMPUTER MEDICOM,"Jalan Bantam No 12, KOTA MEDAN",SUMATERA UTARA,"{""website"": ""www.medicom.ac.id"", ""email"": ""sahabatmedicom@gmail.com"", ""phone"": ""061-4152616 / 061-4578074""}",7250000,6500000,8000000,14500000,13000000,16000000,SWASTA,-,-1,-1,-
28,POLITEKNIK ADIGUNA MARITIM INDONESIA MEDAN,"Jalan Brigjend. Bejo. d/h Pertempuran No.125  Pulo Brayan Kota, KOTA MEDAN",SUMATERA UTARA,"{""website"": ""http://poltek-amimedan.ac.id"", ""email"": ""info@poltek-amimedan.ac.id"", ""phone"": ""6615034 / 6627964""}",-1,-1,-1,-1,-1,-1,SWASTA,-,-1,-1,-
29,POLITEKNIK PRAKTISI BANDUNG,"Jalan Merdeka No. 46, KOTA BANDUNG",JAWA BARAT,"{""website"": ""www.praktisi.ac.id"", ""email"": ""info@praktisi.ac.id"", ""phone"": ""022-4219740 / 022-4219741""}",4200000,1200000,7200000,8400000,2400000,14400000,SWASTA,-,-1,-1,-
30,AKADEMI KEPERAWATAN YAPENAS 21 MAROS,"Jl Perintis Kemerdekaan KM 19 Mandai, KABUPATEN MAROS",SULAWESI SELATAN,"{""website"": ""http://akper.yapenas21maros.ac.id"", ""email"": ""info@yapenas21maros.ac.id"", ""phone"": ""0411-3881920 / 0411-3881920""}",2750000,2750000,2750000,5500000,5500000,5500000,SWASTA,-,-1,-1,-
31,INSTITUT BISNIS DAN INFORMATIKA KESATUAN,"Jl. Rangga Gading No.1  Gudang  Kecamatan Bogor Tengah  Kota Bogor  Jawa Barat, KOTA BOGOR",JAWA BARAT,"{""website"": ""http://www.ibik.ac.id"", ""email"": ""info@ibik.ac.id"", ""phone"": ""0251 8381112 / 0251 8319925""}",-1,-1,-1,-1,-1,-1,SWASTA,-,-1,-1,-
32,SEKOLAH TINGGI ILMU KESEHATAN ST. ELISABETH KEUSKUPAN MAUMERE,KABUPATEN SIKKA,NUSA TENGGARA TIMUR,"{""website"": ""https://stikes-kum.ac.id/"", ""email"": ""stikeskumelisabeth@gmail.com"", ""phone"": """"}",-1,-1,-1,-1,-1,-1,SWASTA,-,-1,-1,-
33,UNIVERSITAS HALMAHERA,"Kompleks UNIERA  Jl. Wari Raya  Tobelo - Maluku Utara, KABUPATEN HALMAHERA UTARA",MALUKU UTARA,"{""website"": ""www.uniera.ac.id"", ""email"": ""info@uniera.ac.id"", ""phone"": ""0924-2622408 / 0924-2621837""}",7630000,960000,14300000,15260000,1920000,28600000,SWASTA,-,-1,-1,-
34,AKADEMI KEUANGAN PERBANKAN NUSANTARA,Jl Medan Banda Aceh IDI KABUPATEN ACEH TIMUR,ACEH,"{""website"": ""www.akubank-nusantara.ac.id"", ""email"": ""akubank.nusantara@gmail.com"", ""phone"": ""06""}",1700000,1000000,2400000,3400000,2000000,4800000,SWASTA,-,-1,-1,-
35,INSTITUT TEKNOLOGI HARAPAN BANGSA,"Jalan Dipatiukur No 80-84, KOTA BANDUNG",JAWA BARAT,"{""website"": ""www.ithb.ac.id"", ""email"": ""humas@ithb.ac.id"", ""phone"": ""022-2506636  2506604 / 022-2507901""}",9200000,1450000,16950000,18400000,2900000,33900000,SWASTA,-,-1,-1,-
36,POLITEKNIK STIBISNIS,"Jalan Arif Rahman Hakim no.71  Kelurahan Mangkukusuma   Kecamatan Tegal Timur, KOTA TEGAL",JAWA TENGAH,"{""website"": ""www.politeknikstibisnis.ac.id"", ""email"": ""pol.stibisnis@gmail.com"", ""phone"": ""0283 353800""}",-1,-1,-1,-1,-1,-1,SWASTA,-,-1,-1,-
37,SEKOLAH TINGGI ILMU KESEHATAN BUDI MULIA SRIWIJAYA,KOTA PALEMBANG,SUMATERA SELATAN,"{""website"": ""budimulia.ac.id"", ""email"": ""budimulia_03@yahoo.com"", ""phone"": ""0711-417995 / 0711-417995""}",20800000,4000000,37600000,41600000,8000000,75200000,SWASTA,-,-1,-1,-
38,UNIVERSITAS MUHAMMADIYAH BANDUNG,"Jl. Palasari No.9A, KOTA BANDUNG",JAWA BARAT,"{""website"": ""www.umbandung.ac.id"", ""email"": ""unmuhbandung@gmail.com"", ""phone"": ""022-6374-5992-4992""}",-1,-1,-1,-1,-1,-1,SWASTA,-,-1,-1,-
39,POLITEKNIK KESEHATAN BHAKTI PERTIWI HUSADA,"Jl. Pilang Setrayasa VIII no. 9  Sukapura  Kota Cirebon, KOTA CIREBON",JAWA BARAT,"{""website"": ""www.poltekesbph.ac.id"", ""email"": ""info@poltekesbph.ac.id"", ""phone"": ""8250777 / 8250777""}",-1,-1,-1,-1,-1,-1,SWASTA,-,-1,-1,-
40,AKADEMI KOMUNIKASI RADYA BINATAMA,"Jalan Raya Janti No. 3/47 Yogyakarta, KABUPATEN SLEMAN",D.I. YOGYAKARTA,"{""website"": ""www.akrb.ac.id"", ""email"": ""akrb@akrb.ac.id"", ""phone"": ""0274 4333577 / 4333577""}",4000000,4000000,4000000,8000000,8000000,8000000,SWASTA,-,-1,-1,-
41,UNIVERSITAS JAKARTA INTERNASIONAL,"Jakarta International Tower  Jalan Letjen S. Parman 1AA  Taman Cattleya  Slipi, KOTA JAKARTA BARAT",D.K.I. JAKARTA,"{""website"": ""https://www.uniji.ac.id/"", ""email"": ""-"", ""phone"": ""6281119167363""}",-1,-1,-1,-1,-1,-1,SWASTA,-,-1,-1,-
42,AKADEMI KEBIDANAN AISYAH KABUPATEN PANGKEP,"Jln. Kemakmuran No.107  Pangkajene  Kab.Pangkep, KABUPATEN PANGKAJENE KEPULAUAN",SULAWESI SELATAN,"{""website"": ""https://www.facebook.com/groups/akbid.aisyah/"", ""email"": ""akbid.aisyah.pangkep@gmail.com"", ""phone"": ""323969 / 323969""}",1900000,1900000,1900000,3800000,3800000,3800000,SWASTA,-,-1,-1,-
43,UNIVERSITAS KRISTEN PAPUA,"Jalan F Kalasuat Malanu, KOTA SORONG",PAPUA BARAT,"{""website"": ""www.ukip.ac.id"", ""email"": ""ukipsrg141005@gmail.com"", ""phone"": ""0951 334115 / 0951 334117""}",2812500,125000,5500000,5625000,250000,11000000,SWASTA,-,-1,-1,-
44,SEKOLAH TINGGI KEGURUAN DAN ILMU PENDIDIKAN SURYA KASIH,KABUPATEN TIMOR TENGAH UTARA,NUSA TENGGARA TIMUR,"{""website"": ""-"", ""email"": ""yskattu@yahoo.co.id  stkipsuryakasih@gmail.com"", ""phone"": ""081338757999""}",2400000,2400000,2400000,4800000,4800000,4800000,SWASTA,-,-1,-1,-
45,UNIVERSITAS SARI MULIA,KOTA BANJARMASIN,KALIMANTAN SELATAN,"{""website"": ""www.unism.ac.id"", ""email"": ""biroadmin@unism.ac.id"", ""phone"": ""3268105 / 3270134""}",20925000,850000,41000000,41850000,1700000,82000000,SWASTA,-,-1,-1,-
46,AKADEMI KEBIDANAN TUNAS HARAPAN BANGSA,"Jl Angkatan 66 Lr Suka Damai, KOTA PALEMBANG",SUMATERA SELATAN,"{""website"": ""www.akbidthb.ac.id"", ""email"": ""akbid_thb@yahoo.com"", ""phone"": ""0711813243 / 0711813243""}",-1,-1,-1,-1,-1,-1,SWASTA,-,-1,-1,-
47,UNIVERSITAS MEGAREZKY,"Jalan Antang Raya No. 45  Antang  Manggala, KOTA MAKASSAR",SULAWESI SELATAN,"{""website"": ""www.unimerz.ac.id"", ""email"": ""info@unimerz.ac.id"", ""phone"": ""492401 / 492401""}",16800000,100000,33500000,33600000,200000,67000000,SWASTA,-,-1,-1,-
48,UNIVERSITAS BUNG KARNO,"Jalan Kimia No 20, KOTA JAKARTA PUSAT",D.K.I. JAKARTA,"{""website"": ""www.ubk.ac.id"", ""email"": ""rektorat@ubk.ac.id"", ""phone"": ""021-3901076 3901278 / 021-3901278""}",-1,-1,-1,-1,-1,-1,SWASTA,-,-1,-1,-
49,UNIVERSITAS YAYASAN PENDIDIKAN IMAM BONJOL MAJALENGKA,KABUPATEN MAJALENGKA,JAWA BARAT,"{""website"": ""univypib.ac.id"", ""email"": ""kampus@univypib.ac.id"", ""phone"": ""0811-2221-913 / 0233-284-098""}",4550000,2500000,6600000,9100000,5000000,13200000,SWASTA,-,-1,-1,-
50,STIKES DARMAIS PADANGSIDIMPUAN,"Jl. Belibis No. 1 Perumahan Sopo Indah Sigulang                       Kec.Padang, KOTA PADANG SIDEMPUAN",SUMATERA UTARA,"{""website"": ""www.stikesdarmaispadangsidimpuan.ac.id"", ""email"": ""info@stikesdarmaispadangsidimpuan.ac.id"", ""phone"": ""7020950 / 28672""}",3000000,3000000,3000000,6000000,6000000,6000000,SWASTA,-,-1,-1,-
51,SEKOLAH TINGGI ILMU ADMINISTRASI AMUNTAI,"Jalan Kuripan Murung Sari 54, KABUPATEN HULU SUNGAI UTARA",KALIMANTAN SELATAN,"{""website"": ""stia-amuntai@ac.id"", ""email"": ""stiaamt@gmail.com"", ""phone"": ""052762520 / 052762520""}",2865000,1800000,3930000,5730000,3600000,7860000,SWASTA,-,-1,-1,-
52,SEKOLAH TINGGI ILMU EKONOMI PEMNAS INDONESIA,"Graha Wisata Jalan Thamrin No 1 Malang    Jawa - Timur  Indonesia, KOTA MALANG",JAWA TIMUR,"{""website"": ""http://www.stiepemnas.ac.id"", ""email"": ""pemnasindonesia@gmail.com"", ""phone"": ""0341-5080639""}",3750000,2500000,5000000,7500000,5000000,10000000,SWASTA,-,-1,-1,-
53,UNIVERSITAS KRISTEN KRIDA WACANA,"Jl Tanjung Duren Raya No 4, KOTA JAKARTA BARAT",D.K.I. JAKARTA,"{""website"": ""www.ukrida.ac.id"", ""email"": ""univ.secretary@ukrida.ac.id"", ""phone"": ""021 566 6952-55 / 021 566 6956""}",28000000,28000000,28000000,56000000,56000000,56000000,SWASTA,-,-1,-1,-
54,AKADEMI KOMUNITAS DEWINATALIA,"Jl. Bulu Mas Blok K3 No. 10 Kelurahan Manarang, KABUPATEN PINRANG",SULAWESI SELATAN,"{""website"": ""-"", ""email"": ""akademikomunitasdewinatalia@gmail.com"", ""phone"": ""082350060002""}",-1,-1,-1,-1,-1,-1,SWASTA,-,-1,-1,-
55,AKADEMI KESEHATAN GIGI DITKESAD JAKARTA,"Jln. Abdul Rahman saleh No.18  Jakarta Pusat, KOTA JAKARTA PUSAT",D.K.I. JAKARTA,"{""website"": ""www.akgpuskesad.ac.id"", ""email"": ""akgditkesad@gmail.com"", ""phone"": ""021-3447614 / 021-3447614""}",-1,-1,-1,-1,-1,-1,SWASTA,-,-1,-1,-
56,AKADEMI SEKRETARIS DAN MANAJEMEN KENCANA BANDUNG,"Jl. Wastukencana No. 5C Kel. Babakan Ciamis Kec. Sumur Bandung, KOTA BANDUNG",JAWA BARAT,"{""website"": ""https://www.asmkencana.ac.id"", ""email"": ""info@asmkencana.ac.id"", ""phone"": ""25028987 / 25028987""}",4000000,4000000,4000000,8000000,8000000,8000000,SWASTA,-,-1,-1,-
57,STISIP MARGARANA,"Jalan Majapahit No 16 A, KABUPATEN TABANAN",BALI,"{""website"": ""http://www.stisip-margarana.ac.id/"", ""email"": ""stisipmarga@gmail.com"", ""phone"": ""812035""}",3675000,3100000,4250000,7350000,6200000,8500000,SWASTA,-,-1,-1,-
58,POLITEKNIK KRAKATAU,"Jl Sultan Ageng Tirtayasa 49 Komplek Bonakarta Blok B-7, KOTA CILEGON",BANTEN,"{""website"": ""www.polka.ac.id"", ""email"": ""politeknikrakatau@gmail.com"", ""phone"": ""0254-388-630 / 0254-388-312""}",3300000,500000,6100000,6600000,1000000,12200000,SWASTA,-,-1,-1,-
59,UNIVERSITAS KRISTEN INDONESIA TOMOHON,"Jalan Raya Talete II Kampus II UKIT Kuranga, KOTA TOMOHON",SULAWESI UTARA,"{""website"": ""-"", ""email"": ""rektorat.ukit@gmail.com"", ""phone"": ""081343606077""}",15725000,50000,31400000,31450000,100000,62800000,SWASTA,-,-1,-1,-
60,STKIP PGRI TULUNGAGUNG,"Jl Mayor Sujadi Timur No 7, KABUPATEN TULUNGAGUNG",JAWA TIMUR,"{""website"": ""www.stkippgritulungagung.ac.id"", ""email"": ""info@stkippgritulungagung.ac.id"", ""phone"": ""0355-321426 / 0355-321426""}",-1,-1,-1,-1,-1,-1,SWASTA,-,-1,-1,-
61,STKIP YAPIS DOMPU,"Jl Syech Muhammad Lingkar Utara Bali I, KABUPATEN DOMPU",NUSA TENGGARA BARAT,"{""website"": ""http://stkipyapisdompu.ac.id"", ""email"": ""akademik@stkipyapisdompu.ac.id"", ""phone"": ""085237083899""}",-1,-1,-1,-1,-1,-1,SWASTA,-,-1,-1,-
62,UNIVERSITAS MUHAMMADIYAH BREBES,KABUPATEN BREBES,JAWA TENGAH,"{""website"": ""umbs.ac.id"", ""email"": ""humas@stmikmpb.ac.id"", ""phone"": ""08112909939""}",3100000,2400000,3800000,6200000,4800000,7600000,SWASTA,-,-1,-1,-
63,SEKOLAH TINGGI PENERBANGAN AVIASI,"Wisma Aldiron Dirgantara Jl Gatot Subroto No 72, KOTA JAKARTA SELATAN",D.K.I. JAKARTA,"{""website"": ""www.stp-aviasi.ac.id"", ""email"": ""sekretariat@stp-aviasi.ac.id"", ""phone"": """"}",3275000,700000,5850000,6550000,1400000,11700000,SWASTA,-,-1,-1,-
64,POLITEKNIK KOTABARU,"Jalan Raya Stagen KM 9 5, KABUPATEN KOTA BARU",KALIMANTAN SELATAN,"{""website"": ""poltekab.ac.id"", ""email"": ""politeknik.kotabaru@poltekab.ac.id"", ""phone"": ""0518-6076838 / 0518-6076838""}",3200000,2400000,4000000,6400000,4800000,8000000,SWASTA,-,-1,-1,-
65,POLITEKNIK WILMAR BISNIS INDONESIA,"Jalan Batu Sihombing  Desa Medan Estate, KABUPATEN DELI SERDANG",SUMATERA UTARA,"{""website"": ""http://wbi.ac.id/"", ""email"": ""humas@wbi.ac.id"", ""phone"": ""+626142074111 / +626180011100""}",1073741824,1,2147483647,2147483648,2,4294967294,SWASTA,-,-1,-1,-
66,SEKOLAH TINGGI ILMU EKONOMI STUDI EKONOMI MODERN,KABUPATEN SUKOHARJO,JAWA TENGAH,"{""website"": ""http://stiestekom.ac.id/"", ""email"": ""stie@stekom.ac.id"", ""phone"": ""+62 813-8777-5758""}",16305000,750000,31860000,32610000,1500000,63720000,SWASTA,-,-1,-1,-
67,UNIVERSITAS MUHAMMADIYAH SAMPIT,KABUPATEN KOTAWARINGIN TIMUR,KALIMANTAN TENGAH,"{""website"": ""www.umsa.ac.id"", ""email"": ""umsa@umsa.ac.id / umsampit@gmail.com"", ""phone"": ""31141""}",3250000,2000000,4500000,6500000,4000000,9000000,SWASTA,-,-1,-1,-
68,AKADEMI ANALIS KESEHATAN DELIMA HUSADA GRESIK,"Gresik, KABUPATEN GRESIK",JAWA TIMUR,"{""website"": ""www.aakdelimahusadagresik.ac.id"", ""email"": ""aakdelimahusadagresik@gmail.com"", ""phone"": ""0313981918 / 0313978628""}",3852515,5030,7700000,7705030,10060,15400000,SWASTA,-,-1,-1,-
69,UNIVERSITAS MUHAMMADIYAH AHMAD DAHLAN PALEMBANG,KOTA PALEMBANG,SUMATERA SELATAN,"{""website"": ""um-ad.ac.id"", ""email"": ""hms.umadplg@gmail.com"", ""phone"": ""0711-516231  516233""}",8705000,1600000,15810000,17410000,3200000,31620000,SWASTA,-,-1,-1,-
70,UNIVERSITAS KALTARA,"Jl. Sengkawit RT.023 Tanjung Selor  Kabupaten Bulungan Kalimantan Utara, KABUPATEN BULUNGAN",KALIMANTAN UTARA,"{""website"": ""www.unikaltar.ac.id"", ""email"": ""univ.kaltara@gmail.com"", ""phone"": ""0552-23190 / 0552-23190""}",4200000,2400000,6000000,8400000,4800000,12000000,SWASTA,-,-1,-1,-
71,STIKES AMANAH MAKASSAR,"Jl. Meranti Raya No. 1 Panakukang Makassar, KOTA MAKASSAR",SULAWESI SELATAN,"{""website"": ""stikesamanah-mks.ac.id"", ""email"": ""stikesamanahmks09@yahoo.com"", ""phone"": ""0411-422048 / 0411-422870""}",-1,-1,-1,-1,-1,-1,SWASTA,-,-1,-1,-
72,SEKOLAH TINGGI TEKNIK ATLAS NUSANTARA,"Jalan Teluk Pacitan No 50 Arjosari Lantai 1, KOTA MALANG",JAWA TIMUR,"{""website"": ""www.sttar.ac.id"", ""email"": ""info@sttar.ac.id"", ""phone"": ""0341-475898 / 0341-475897""}",-1,-1,-1,-1,-1,-1,SWASTA,-,-1,-1,-
73,AKADEMI PARIWISATA DAN PERHOTELAN GANESHA,"Jalan Teluk Mandar Tomol Pos 5  Arjosari -  Malang, KOTA MALANG",JAWA TIMUR,"{""website"": ""http://www.apartel-ganesha.ac.id"", ""email"": ""info@apartel-ganesha.ac.id"", ""phone"": ""0341-0000 / 0341-0000""}",-1,-1,-1,-1,-1,-1,SWASTA,-,-1,-1,-
74,UNIVERSITAS ASAHAN,"Jalan Jenderal Ahmad Yani Asahan, KABUPATEN ASAHAN",SUMATERA UTARA,"{""website"": ""una.ac.id"", ""email"": ""admin@una.ac.id"", ""phone"": ""-- / --""}",2500000,2500000,2500000,5000000,5000000,5000000,SWASTA,-,-1,-1,-
75,UNIVERSITAS BINA SEHAT PPNI MOJOKERTO,KABUPATEN MOJOKERTO,JAWA TIMUR,"{""website"": ""-"", ""email"": ""-"", ""phone"": ""390203""}",8500000,4000000,13000000,17000000,8000000,26000000,SWASTA,-,-1,-1,-
76,SEKOLAH TINGGI PARIWISATA BOGOR,"Jl. Curug Mekar No. 17 Yasmin, KOTA BOGOR",JAWA BARAT,"{""website"": ""www.stpbogor.ac.id"", ""email"": ""lpmi@stpbogor.ac.id"", ""phone"": ""0251-7534343 / 0251-7534513""}",6075000,2400000,9750000,12150000,4800000,19500000,SWASTA,-,-1,-1,-
77,SEKOLAH TINGGI ILMU KESEHATAN KENDEDES,"Malang, KOTA MALANG",JAWA TIMUR,"{""website"": ""www.stikeskendedes.ac.id"", ""email"": ""stikeskendedesmalang@gmail.com"", ""phone"": ""0341 488762 / 0341 488763""}",6600000,200000,13000000,13200000,400000,26000000,SWASTA,-,-1,-1,-
78,AKADEMIK KEBIDANAN ARMINA CENTRE PANYABUNGAN,"Jalan William Iskandar 176, KABUPATEN MANDAILING NATAL",SUMATERA UTARA,"{""website"": ""http://akbidarminacentre.ac.id"", ""email"": ""arminacentrepybakbid@gmail.com"", ""phone"": ""0636-321716 / 0636-321236""}",2650000,1300000,4000000,5300000,2600000,8000000,SWASTA,-,-1,-1,-
79,UNIVERSITAS NAHDLATUL ULAMA KALIMANTAN SELATAN,"Jl. Ahmad Yani Km. 12.5, KABUPATEN BANJAR",KALIMANTAN SELATAN,"{""website"": ""www.unukase.ac.id"", ""email"": ""unu.kalsel@gmail.com"", ""phone"": ""0511 5511701""}",3875000,1750000,6000000,7750000,3500000,12000000,SWASTA,-,-1,-1,-
80,INSTITUT TEKNOLOGI INDONESIA,"Jalan Raya Puspiptek Serpong, KOTA TANGERANG SELATAN",BANTEN,"{""website"": ""https://iti.ac.id"", ""email"": ""humas@iti.ac.id"", ""phone"": ""021-7560545 / 021-7560542""}",6200000,4000000,8400000,12400000,8000000,16800000,SWASTA,-,-1,-1,-
81,SEKOLAH TINGGI ILMU ADMINISTRASI SATYA NEGARA,"Jalan Sukarejo Sukatani, KOTA PALEMBANG",SUMATERA SELATAN,"{""website"": ""stiasatyanegara.ac.id"", ""email"": ""satyanegerapalembang@yahoo.co.id"", ""phone"": ""0711-826043 / 0711-826043""}",3200000,2400000,4000000,6400000,4800000,8000000,SWASTA,-,-1,-1,-
82,UNIVERSITAS MUHAMMADIYAH KOTABUMI,"Jln. Hasan Kepala Ratu No. 1052 Sindangsari Kotabumi  Lampung Utara 34517, KABUPATEN LAMPUNG UTARA",LAMPUNG,"{""website"": ""https://www.umko.ac.id"", ""email"": ""humas@umko.ac.id"", ""phone"": ""+6272422287 / +6272422287""}",5975000,100000,11850000,11950000,200000,23700000,SWASTA,-,-1,-1,-
83,AKADEMI AKUNTANSI YAI JAKARTA,"Jl. P. Diponegoro No 74 Jakarta Pusat, KOTA JAKARTA PUSAT",D.K.I. JAKARTA,"{""website"": ""www.yai.ac.id"", ""email"": ""webmail@yai.ac.id"", ""phone"": ""3928075 / 3914591""}",6862500,6825000,6900000,13725000,13650000,13800000,SWASTA,-,-1,-1,-
84,UNIVERSITAS POTENSI UTAMA,"Jl. K.L. Yos Sudarso Km 6 5 No. 3A Tanjung Mulia - Medan, KOTA MEDAN",SUMATERA UTARA,"{""website"": ""www.potensi-utama.ac.id"", ""email"": ""info@potensi-utama.ac.id"", ""phone"": ""061-6640525 / 061-6636830""}",5162500,350000,9975000,10325000,700000,19950000,SWASTA,-,-1,-1,-
85,SEKOLAH TINGGI ILMU KESEHATAN BHAKTI HUSADA BENGKULU,"Jalan Kinibalu 8 Kebun Tebeng Bengkulu, KOTA BENGKULU",BENGKULU,"{""website"": ""stikesbhaktihusada.ac.id"", ""email"": ""stikesbh03@gmail.com"", ""phone"": ""0736-23422 / 0736-23422""}",2200000,400000,4000000,4400000,800000,8000000,SWASTA,-,-1,-1,-
86,UNIVERSITAS KATOLIK DE LA SALLE,"Kairagi I Kombos Manado  Sulawesi Utara, KOTA MANADO",SULAWESI UTARA,"{""website"": ""https://unikadelasalle.ac.id"", ""email"": ""info@unikadelasalle.ac.id"", ""phone"": ""081143901500""}",9635000,15000,19255000,19270000,30000,38510000,SWASTA,-,-1,-1,-
87,AKADEMI MANAJEMEN BISNIS KENDARI,KOTA KENDARI,SULAWESI TENGGARA,"{""website"": ""www.ambkendari.ac.id"", ""email"": ""amb.kdi001@gmail.com"", ""phone"": """"}",-1,-1,-1,-1,-1,-1,SWASTA,-,-1,-1,-
88,UNIVERSITAS MUHAMMADIYAH METRO,"Jl Ki Hajar Dewantara No 116 Iringmulyo Kec Metro Timur, KOTA METRO",LAMPUNG,"{""website"": ""www.ummetro.ac.id"", ""email"": ""info@ummetro.ac.id"", ""phone"": ""42445-42454 / 42445""}",24057500,1,48115000,48115001,2,96230000,SWASTA,-,-1,-1,-
89,POLITEKNIK BELITUNG,KABUPATEN BELITUNG,BANGKA BELITUNG,"{""website"": ""polbel.ac.id"", ""email"": ""polbel21@gmail.com"", ""phone"": ""0719 - 24970""}",3775000,2400000,5150000,7550000,4800000,10300000,SWASTA,-,-1,-1,-
90,SEKOLAH TINGGI ILMU KESEHATAN PATRIOT BANGSA LAMPUNG,KOTA BANDAR LAMPUNG,LAMPUNG,"{""website"": ""https://stikes.patriotbangsa.ac.id/"", ""email"": ""stikespatriotbangsalampung@gmail.com"", ""phone"": """"}",5500000,5500000,5500000,11000000,11000000,11000000,SWASTA,-,-1,-1,-
91,SEKOLAH TINGGI ILMU EKONOMI PARIPURNA,KOTA DEPOK,JAWA BARAT,"{""website"": ""www.stieparipurna.ac.id"", ""email"": ""stieparipurna15@gmail.com"", ""phone"": ""088213272135 / 021 - 29445514""}",2250000,500000,4000000,4500000,1000000,8000000,SWASTA,-,-1,-1,-
92,SEKOLAH TINGGI ILMU EKONOMI KBP,"Jalan Khatib Sulaiman No 61, KOTA PADANG",SUMATERA BARAT,"{""website"": ""http://www.akbpstie.ac.id/"", ""email"": ""ppmkbp@gmail.com"", ""phone"": ""0751-51398 / 0751-55450""}",5000000,3000000,7000000,10000000,6000000,14000000,SWASTA,-,-1,-1,-
93,UNIVERSITAS GALUH,"Jalan R.E. Martadinata No. 150, KABUPATEN CIAMIS",JAWA BARAT,"{""website"": ""https://unigal.ac.id/"", ""email"": ""info@unigal.ac.id"", ""phone"": ""776787 / 776787""}",6000000,1500000,10500000,12000000,3000000,21000000,SWASTA,-,-1,-1,-
94,POLITEKNIK JAMBI,"Jalan Lingkar Barat III Lrg Veteran Kelurahan Bagan Bete Kecamatan Kotabaru Jamb, KOTA JAMBI",JAMBI,"{""website"": ""www.politeknikjambi.ac.id"", ""email"": ""info@politeknikjambi.ac.id"", ""phone"": ""0741-5917477 / 0741-581505""}",6238500,1700000,10777000,12477000,3400000,21554000,SWASTA,-,-1,-1,-
95,UNIVERSITAS KARYA HUSADA SEMARANG,KOTA SEMARANG,JAWA TENGAH,"{""website"": ""www.unkaha.ac.id"", ""email"": ""info@unkaha.ac.id"", ""phone"": ""024 6724581 / 024 6724581""}",7000000,3000000,11000000,14000000,6000000,22000000,SWASTA,-,-1,-1,-
96,STMIK PGRI TANGERANG,"Jalan Perintis Kemerdekaan II Cikokol, KOTA TANGERANG",BANTEN,"{""website"": ""www.pgri-tng.ac.id"", ""email"": ""stmik@pgri.id"", ""phone"": ""021-5523052 / 021-55795777""}",2400000,2400000,2400000,4800000,4800000,4800000,SWASTA,-,-1,-1,-
97,AKADEMI PERTANIAN HKTI BANYUMAS,"Jalan Raya Purwokerto Km 12 Kalibagor, KABUPATEN BANYUMAS",JAWA TENGAH,"{""website"": """", ""email"": ""aktan_hkti@yahoo.com"", ""phone"": ""08156974743""}",-1,-1,-1,-1,-1,-1,SWASTA,-,-1,-1,-
98,SEKOLAH TINGGI ILMU EKONOMI TAMAN SISWA,"Jalan Garuda No 44  Kemayoran, KOTA JAKARTA PUSAT",D.K.I. JAKARTA,"{""website"": """", ""email"": ""stietamsisjakarta@yahoo.com"", ""phone"": ""021 4265630 / 021 42884122""}",2400000,2400000,2400000,4800000,4800000,4800000,SWASTA,-,-1,-1,-
99,UNIVERSITAS SULBAR MANARANG,KABUPATEN MAMUJU,SULAWESI BARAT,"{""website"": ""-"", ""email"": ""-"", ""phone"": """"}",-1,-1,-1,-1,-1,-1,SWASTA,-,-1,-1,-
100,UNIVERSITAS MUHAMMADIYAH JEMBER,"Jalan Karimata No 49, KABUPATEN JEMBER",JAWA TIMUR,"{""website"": ""www.unmuhjember.ac.id"", ""email"": ""kantorpusat@unmuhjember.ac.id"", ""phone"": ""336728 / 337957""}",23430100,200,46860000,46860200,400,93720000,SWASTA,-,-1,-1,-
101,UNIVERSITAS PRADITA,"Scienta Busines Park  Jl. gading Serpong Boulevard No.1 Curug Tangerang  Kelapa Dua  Tangerang Banten 15810, KABUPATEN TANGERANG",BANTEN,"{""website"": ""www.pradita.ac.id"", ""email"": ""info@pradita.ac.id"", ""phone"": ""55689999""}",-1,-1,-1,-1,-1,-1,SWASTA,-,-1,-1,-
102,AKADEMI TEKNIK RADIODIAGNOSTIK DAN RADIOTERAPI PERSADA NUSANTARA BEKASI,KOTA BEKASI,JAWA BARAT,"{""website"": ""-"", ""email"": ""-"", ""phone"": """"}",4750000,4500000,5000000,9500000,9000000,10000000,SWASTA,-,-1,-1,-
103,INSTITUT TEKNOLOGI DAN BISNIS ARUNGPALAKKA,KABUPATEN BONE,SULAWESI SELATAN,"{""website"": ""https://itbarungpalakka.ac.id/"", ""email"": ""itbapbone@gmail.com"", ""phone"": ""082258079671""}",2700000,2400000,3000000,5400000,4800000,6000000,SWASTA,-,-1,-1,-
104,UNIVERSITAS ISLAM LAMONGAN,"Jalan Veteran 53A Lamongan Jawa Timur, KABUPATEN LAMONGAN",JAWA TIMUR,"{""website"": ""www.unisla.ac.id"", ""email"": ""info@unisla.ac.id"", ""phone"": ""0322-324706  322158 / 0322-324706  324707""}",3750000,2500000,5000000,7500000,5000000,10000000,SWASTA,-,-1,-1,-
105,POLITEKNIK SENI YOGYAKARTA,"Klidon Sukoharjo Ngaglik Sleman, KABUPATEN SLEMAN",D.I. YOGYAKARTA,"{""website"": ""www.poliseni.ac.id"", ""email"": ""poliseniyogyakarta@gamil.com"", ""phone"": ""0274-4464892 / 0274-4464892""}",-1,-1,-1,-1,-1,-1,SWASTA,-,-1,-1,-
106,AKADEMI KEPERAWATAN TEUNGKU FAKINAH BANDA ACEH,"Jalan Jenderal Sudirman No 27-29 Banda Aceh, KOTA BANDA ACEH",ACEH,"{""website"": ""http://www.akpertgkfakinah.ac.id"", ""email"": ""akper_fakinah@yahoo.com ; akperfakinah@gmail.com"", ""phone"": ""0651-46245  46243 / 0651-46243""}",3000000,3000000,3000000,6000000,6000000,6000000,SWASTA,-,-1,-1,-
107,POLITEKNIK PALOPO,KOTA PALOPO,SULAWESI SELATAN,"{""website"": ""-"", ""email"": ""poltekpalopo@gmail.com"", ""phone"": """"}",-1,-1,-1,-1,-1,-1,SWASTA,-,-1,-1,-
108,SEKOLAH TINGGI BAHASA ASING PRAYOGA,"Jalan Veteran No 8 Padang Sumbar, KOTA PADANG",SUMATERA BARAT,"{""website"": ""www.stba-prayoga.ac.id"", ""email"": ""info@stba-prayoga.ac.id"", ""phone"": ""085830305317 / 0751-31717""}",2575000,150000,5000000,5150000,300000,10000000,SWASTA,-,-1,-1,-
109,UNIVERSITAS SAINS DAN TEKNOLOGI JAYAPURA,"Jl Raya Sentani Padang Bulan Abepura  Jayapura - Papua, KOTA JAYAPURA",PAPUA,"{""website"": ""https://ustj.ac.id"", ""email"": ""ustj.papua21@gmail.com"", ""phone"": ""0967-581659; 582449 / 0967-582550""}",5250000,3700000,6800000,10500000,7400000,13600000,SWASTA,-,-1,-1,-
110,POLITEKNIK META INDUSTRI CIKARANG,"Jalan Inti I Blok C1 No. 7  Lippo Cikarang  Cikarang Bekasi, KABUPATEN BEKASI",JAWA BARAT,"{""website"": ""www.politeknikmeta.ac.id"", ""email"": ""info@politeknikmeta.ac.id"", ""phone"": ""02189902403 / 02189902404""}",-1,-1,-1,-1,-1,-1,SWASTA,-,-1,-1,-
111,POLITEKNIK MALINAU,"Malinau, KABUPATEN MALINAU",KALIMANTAN UTARA,"{""website"": ""Politeknikmalinau.ac.id"", ""email"": ""poltek_malinau@yahoo.com"", ""phone"": ""0553-2022085 / 0553-2022085""}",2400000,2400000,2400000,4800000,4800000,4800000,SWASTA,-,-1,-1,-
112,SEKOLAH TINGGI ILMU MARITIM AMI,"Jl Pacuan Kuda No 1-5 Pulomas  Jakarta Timur, KOTA JAKARTA TIMUR",D.K.I. JAKARTA,"{""website"": ""www.stimar.ac.id"", ""email"": ""info@stimar.ac.id"", ""phone"": ""021-4754729 / 021-47861144""}",-1,-1,-1,-1,-1,-1,SWASTA,-,-1,-1,-
113,SEKOLAH TINGGI BAHASA ASING CAKRAWALA NUSANTARA,"Jalan Bunga Jati No 88 Oesapa  Kelapa Lima, KOTA KUPANG",NUSA TENGGARA TIMUR,"{""website"": ""www.stibacnk.blogspot.com"", ""email"": ""stiba_cnkupang@yahoo.com"", ""phone"": ""0380-8586177 / 0380 - 8586177""}",-1,-1,-1,-1,-1,-1,SWASTA,-,-1,-1,-
114,POLITEKNIK WAHDAH ISLAMIYAH MAKASSAR,KOTA MAKASSAR,SULAWESI SELATAN,"{""website"": ""-"", ""email"": ""-"", ""phone"": """"}",-1,-1,-1,-1,-1,-1,SWASTA,-,-1,-1,-
115,STIKES WIJAYA HUSADA BOGOR,"Jl Raya Sindang Barang KM 86, KOTA BOGOR",JAWA BARAT,"{""website"": """", ""email"": ""wijayahusada@gmail.com"", ""phone"": ""0251-8327396""}",1,1,1,2,2,2,SWASTA,-,-1,-1,-
116,SEKOLAH TINGGI ILMU EKONOMI MIFTAHUL HUDA,"Jalan Rancasari Dalam No B-33 Pamanukan, KABUPATEN SUBANG",JAWA BARAT,"{""website"": ""www.stiemifdasubang.ac.id"", ""email"": ""mail@stiemifdasubang.ac.id"", ""phone"": ""081312360839""}",2950000,2900000,3000000,5900000,5800000,6000000,SWASTA,-,-1,-1,-
117,AKADEMI KEBIDANAN AR-RAHMA,"Jalan Raya Carat Gempol, KABUPATEN PASURUAN",JAWA TIMUR,"{""website"": ""www.akbidarrahma.ac.id"", ""email"": ""mail@akbidarrahma.ac.id"", ""phone"": ""0343857067 / 0343857067""}",-1,-1,-1,-1,-1,-1,SWASTA,-,-1,-1,-
118,SEKOLAH TINGGI ILMU KEHUTANAN PANTE KULU,"Jalan Teuku Nyak Arief Darussalam, KOTA BANDA ACEH",ACEH,"{""website"": ""https://stikpantekulu.ac.id"", ""email"": ""official@stikpantekulu.ac.id"", ""phone"": ""081366660845""}",2400000,1800000,3000000,4800000,3600000,6000000,SWASTA,-,-1,-1,-
119,STIKES PAMENANG,KABUPATEN KEDIRI,JAWA TIMUR,"{""website"": ""www.stikespamenang.ac.id"", ""email"": ""stikespamenang@gmail.com"", ""phone"": ""399840""}",4000000,2000000,6000000,8000000,4000000,12000000,SWASTA,-,-1,-1,-
120,INSTITUT BIO SCIENTIA INTERNASIONAL INDONESIA,"Jl. Pulomas Barat Kav 88, KOTA JAKARTA TIMUR",D.K.I. JAKARTA,"{""website"": ""www.i3L.ac.id"", ""email"": ""operations@i3l.ac.id"", ""phone"": ""021-29567899 / 021-29617296""}",25750000,2500000,49000000,51500000,5000000,98000000,SWASTA,-,-1,-1,-
121,AKADEMI KEBIDANAN BUNGA BANGSAKU BANGKA,KABUPATEN OGAN KOMERING ILIR,SUMATERA SELATAN,"{""website"": ""akbid-bungabangsakubangka.ac.id"", ""email"": ""akbidbbb@gmail.com"", ""phone"": ""081 / 07174256437""}",3300000,600000,6000000,6600000,1200000,12000000,SWASTA,-,-1,-1,-
122,AKADEMI KOMUNITAS DARUSSALAM BLOKAGUNG,KABUPATEN BANYUWANGI,JAWA TIMUR,"{""website"": ""http://www.akd.ac.id"", ""email"": ""info@akd.ac.id"", ""phone"": ""081336492029""}",3030000,3030000,3030000,6060000,6060000,6060000,SWASTA,-,-1,-1,-
123,UNIVERSITAS PANCA MARGA,"Jl Yos Sudarso Pabean Dringu, KABUPATEN PROBOLINGGO",JAWA TIMUR,"{""website"": ""www.upm.ac.id"", ""email"": ""baak@upm.ac.id"", ""phone"": ""+62 335 422715 / +62 335 427923""}",2775000,2350000,3200000,5550000,4700000,6400000,SWASTA,-,-1,-1,-
124,UNIVERSITAS DR. DJAR WATTIHELUW,KABUPATEN MALUKU TENGAH,MALUKU,"{""website"": ""-"", ""email"": ""-"", ""phone"": """"}",2200000,2000000,2400000,4400000,4000000,4800000,SWASTA,-,-1,-1,-
125,UNIVERSITAS NAHDLATUL ULAMA SIDOARJO,"Jalan Monginsidi Dalam Kav. DPR Sidoklumpuk Sidoarjo, KABUPATEN SIDOARJO",JAWA TIMUR,"{""website"": ""www.unusida.ac.id"", ""email"": ""unu@unusida.ac.id"", ""phone"": ""8079900/8949736""}",3000000,1500000,4500000,6000000,3000000,9000000,SWASTA,-,-1,-1,-
126,SEKOLAH TINGGI ILMU ADMINISTRASI SANDIKTA,"Jalan Hankam No 208 Jatirahayu Pondok Gede, KOTA BEKASI",JAWA BARAT,"{""website"": ""stiasandikta.ac.id"", ""email"": ""stiasandikta@gmail.com"", ""phone"": ""021-8466569 / 021-84972414""}",-1,-1,-1,-1,-1,-1,SWASTA,-,-1,-1,-
127,UNIVERSITAS MUHAMMADIYAH BUTON,"Jalan Betoambari No 36  Lanto  Batupoara, KOTA BAUBAU",SULAWESI TENGGARA,"{""website"": ""umbuton.ac.id"", ""email"": ""rektorat@umbuton.ac.id"", ""phone"": ""0402 2827038 / 0402 2827038""}",3850000,1200000,6500000,7700000,2400000,13000000,SWASTA,-,-1,-1,-
128,UNIVERSITAS ISLAM NUSANTARA,"Jalan Soekarno-Hatta No. 530, KOTA BANDUNG",JAWA BARAT,"{""website"": ""uninus.ac.id"", ""email"": ""info@uninus.ac.id"", ""phone"": ""-7509656 / -7509656""}",33520000,40000,67000000,67040000,80000,134000000,SWASTA,-,-1,-1,-
129,UNIVERSITAS LA TANSA MASHIRO,KABUPATEN LEBAK,BANTEN,"{""website"": ""https://unilam.ac.id"", ""email"": ""admin@unilam.ac.id"", ""phone"": ""0252 207163 / 0252 206794""}",1950000,1250000,2650000,3900000,2500000,5300000,SWASTA,-,-1,-1,-
130,STMIK AKI PATI,"Jalan Kamandowo No 13, KABUPATEN PATI",JAWA TENGAH,"{""website"": ""https://stmik-aki.ac.id/"", ""email"": ""stmik.aki06@gmail.com"", ""phone"": ""0295-382087 / 0295-382344""}",1750000,500000,3000000,3500000,1000000,6000000,SWASTA,-,-1,-1,-
131,SEKOLAH TINGGI ILMU KESEHATAN PEMKAB PURWOREJO,KABUPATEN PURWOREJO,JAWA TENGAH,"{""website"": ""https://spp.ac.id"", ""email"": ""info@spp.ac.id"", ""phone"": ""02753140576 / 02753140576""}",6175000,2400000,9950000,12350000,4800000,19900000,SWASTA,-,-1,-1,-
132,UNIVERSITAS SATYAGAMA,"Jalan Kamal Raya No 2-A Cengkareng, KOTA JAKARTA BARAT",D.K.I. JAKARTA,"{""website"": ""www.satyagama.ac.id"", ""email"": ""info@satyagama.ac.id"", ""phone"": ""5452377-78 / 54391325""}",3600037100,74201,7200000000,7200074201,148402,14400000000,SWASTA,-,-1,-1,-
133,UNIVERSITAS TOMPOTIKA LUWUK,"Jalan Dewi Sartika No 67 Luwuk, KABUPATEN BANGGAI",SULAWESI TENGAH,"{""website"": ""www.untika.ac.id"", ""email"": ""untika.luwuk67@gmail.com"", ""phone"": ""0461324027 / 0461324027""}",2800000,100000,5500000,5600000,200000,11000000,SWASTA,-,-1,-1,-
134,SEKOLAH TINGGI ILMU ADMINISTRASI MALANG,"Jalan Baiduri Bulan No 1, KOTA MALANG",JAWA TIMUR,"{""website"": ""www.stia-malang.ac.id"", ""email"": ""info@stia-malang.ac.id"", ""phone"": ""0341-553401 / 0341-562768""}",3750000,200000,7300000,7500000,400000,14600000,SWASTA,-,-1,-1,-
135,SEKOLAH TINGGI BAHASA ASING JIA,"Jl. Cut Muthia No. 30 KOTAMADYA BEKASI, KOTA BEKASI",JAWA BARAT,"{""website"": ""www.stba-jia.ac.id"", ""email"": ""info.mail@stba-jia.ac.id"", ""phone"": ""021-8822727 / 021-8822727""}",6012500,250000,11775000,12025000,500000,23550000,SWASTA,-,-1,-1,-
136,STKIP MUHAMMADIYAH LUMAJANG,"Jalan Brantas No 7, KABUPATEN LUMAJANG",JAWA TIMUR,"{""website"": ""-"", ""email"": ""stkipmuhlmj@gmail.com"", ""phone"": ""0334-881984""}",3700000,50000,7350000,7400000,100000,14700000,SWASTA,-,-1,-1,-
137,AMIK TOMAKAKA,"Jalan Ir H Juanda No 7744, KABUPATEN MAJENE",SULAWESI BARAT,"{""website"": """", ""email"": ""-"", ""phone"": ""0426-22-085 / 0426-22-085""}",2460000,2460000,2460000,4920000,4920000,4920000,SWASTA,-,-1,-1,-
138,UNIVERSITAS KATOLIK WEETEBULA,KABUPATEN SUMBA BARAT DAYA,NUSA TENGGARA TIMUR,"{""website"": ""-"", ""email"": ""-"", ""phone"": ""081237963139""}",2685000,2560000,2810000,5370000,5120000,5620000,SWASTA,-,-1,-1,-
139,UNIVERSITAS ABDUL AZIS LAMADJIDO,KOTA PALU,SULAWESI TENGAH,"{""website"": ""-"", ""email"": ""-"", ""phone"": """"}",2000000,1000000,3000000,4000000,2000000,6000000,SWASTA,-,-1,-1,-
140,POLITEKNIK GUSDURIAN,KABUPATEN BANYUMAS,JAWA TENGAH,"{""website"": ""poltekgusdurian.ac.id"", ""email"": ""campus@poltekgusdurian.ac.id"", ""phone"": ""0281636133""}",-1,-1,-1,-1,-1,-1,SWASTA,-,-1,-1,-
141,STKIP AL HIKMAH SURABAYA,"Jl. Kebonsari Elveka V Surabaya, KOTA SURABAYA",JAWA TIMUR,"{""website"": ""www.hikmahuniversity.ac.id"", ""email"": ""stkiph@hikmahuniversity.ac.id"", ""phone"": ""031-8295825 /8295817""}",3850000,3800000,3900000,7700000,7600000,7800000,SWASTA,-,-1,-1,-
142,UNIVERSITAS SARI MUTIARA INDONESIA,"Jalan Kapten Muslim No. 79 Medan, KOTA MEDAN",SUMATERA UTARA,"{""website"": ""www.sari-mutiara.ac.id"", ""email"": ""info@sari-mutiara.ac.id"", ""phone"": ""085361670151 / -8471550""}",30060003,120000,60000006,60120006,240000,120000012,SWASTA,-,-1,-1,-
143,SEKOLAH TINGGI TEKNIK MULTIMEDIA INTERNASIONAL MALANG,KOTA MALANG,JAWA TIMUR,"{""website"": ""-"", ""email"": ""-"", ""phone"": """"}",-1,-1,-1,-1,-1,-1,SWASTA,-,-1,-1,-
144,UNIVERSITAS HARAPAN MEDAN,"Jln. H.M. Joni No. 70 C Medan, KOTA MEDAN",SUMATERA UTARA,"{""website"": ""https://unhar.ac.id/"", ""email"": ""unhar@harapan.ac.id"", ""phone"": ""061-4514560 / 061-4514560""}",3500000,1000000,6000000,7000000,2000000,12000000,SWASTA,-,-1,-1,-
145,AKADEMI KEPERAWATAN YAYASAN DHARMA BHAKTI JAKARTA,"Jl. Jagakarsa Raya No. 20  Ciganjur, KOTA JAKARTA SELATAN",D.K.I. JAKARTA,"{""website"": ""-"", ""email"": ""-"", ""phone"": """"}",-1,-1,-1,-1,-1,-1,SWASTA,-,-1,-1,-
146,UNIVERSITAS JANABADRA,"Jl Tentara Rakyat Mataram 55, KOTA YOGYAKARTA",D.I. YOGYAKARTA,"{""website"": ""www.janabadra.ac.id"", ""email"": ""info@janabadra.ac.id"", ""phone"": ""561039 / 561039""}",4050000,500000,7600000,8100000,1000000,15200000,SWASTA,-,-1,-1,-
147,AKADEMI AKUNTANSI INDONESIA PADANG,"Jalan Veteran Dalam No 26 B, KOTA PADANG",SUMATERA BARAT,"{""website"": ""akademiakuntansi.unespadang.ac.id"", ""email"": ""aaipadang@unespadang.ac.id"", ""phone"": ""0751-28859 / 0751-32694""}",1162500,175000,2150000,2325000,350000,4300000,SWASTA,-,-1,-1,-
148,UNIVERSITAS TJUT NYAK DHIEN,"Jalan Gatot Subroto / Jl. Rasmi No. 28, KOTA MEDAN",SUMATERA UTARA,"{""website"": ""www.utnd.ac.id"", ""email"": ""univ.utnd@gmail.com"", ""phone"": ""061-8451508 / 061-8441163""}",-1,-1,-1,-1,-1,-1,SWASTA,-,-1,-1,-
149,AKADEMI KEPERAWATAN KESDAM I/BUKIT BARISAN BINJAI,"Jl. Bandung No. 4  Binjai, KOTA BINJAI",SUMATERA UTARA,"{""website"": ""http://akperkesdam-binjai.ac.id/"", ""email"": """", ""phone"": """"}",4200000,4200000,4200000,8400000,8400000,8400000,SWASTA,-,-1,-1,-
150,UNIVERSITAS DIRGANTARA MARSEKAL SURYADARMA,"Komplek Bandar Udara Halim Perdanakusuma  Jl Protokol Halim PK - Jakarta, KOTA JAKARTA TIMUR",D.K.I. JAKARTA,"{""website"": ""www.universitassuryadarma.ac.id"", ""email"": ""baaunsurya1@gmail.com"", ""phone"": ""021 - 8093475 / 021- 8009246""}",9612500,1,19225000,19225001,2,38450000,SWASTA,-,-1,-1,-
151,INSTITUT SWADIRI,KOTA JAYAPURA,PAPUA,"{""website"": ""https://institutswadiri.ac.id/"", ""email"": ""kampus@institutswadiri.ac.id"", ""phone"": ""081377454545""}",-1,-1,-1,-1,-1,-1,SWASTA,-,-1,-1,-
152,GEORGETOWN UNIVERSITY,KOTA JAKARTA PUSAT,D.K.I. JAKARTA,"{""website"": ""-"", ""email"": ""-"", ""phone"": """"}",-1,-1,-1,-1,-1,-1,SWASTA,-,-1,-1,-
153,STIKES BHAKTI PERTIWI LUWU RAYA,"Jalan Imam Bonjol No 27, KOTA PALOPO",SULAWESI SELATAN,"{""website"": ""stikesbhaktipertiwi.ac.id"", ""email"": ""stikesluwuraya9@gmail.com"", ""phone"": ""04713307444 / 047121053""}",2000000,2000000,2000000,4000000,4000000,4000000,SWASTA,-,-1,-1,-
154,STKIP PESISIR SELATAN,"Jln. Limau Sundai  Balai Selasa  Kecamatan Ranah Pesisir  Kabupaten Pesisir Sela, KABUPATEN PESISIR SELATAN",SUMATERA BARAT,"{""website"": ""www.stkip-pessel.ac.id"", ""email"": ""stkip_ps@yahoo.com"", ""phone"": """"}",325,325,325,650,650,650,SWASTA,-,-1,-1,-
155,UNIVERSITAS SANGGA BUANA,"Jalan PHH Mustopa No 68, KOTA BANDUNG",JAWA BARAT,"{""website"": ""www.usbypkp.ac.id"", ""email"": ""pddikti@usbypkp.ac.id"", ""phone"": ""022-7275489 / 022-7201756""}",8225000,10000,16440000,16450000,20000,32880000,SWASTA,-,-1,-1,-
156,AKADEMI KEPERAWATAN YPSBR MUARA BULIAN,"Jalan Pramuka  Muara Bulian, KABUPATEN BATANG HARI",JAMBI,"{""website"": """", ""email"": ""akperypsbr@yahoo.co.id"", ""phone"": ""081366844545""}",-1,-1,-1,-1,-1,-1,SWASTA,-,-1,-1,-
157,STKIP MODERN NGAWI,"Jl. A. Yani 99 Beran Ngawi, KABUPATEN NGAWI",JAWA TIMUR,"{""website"": ""stkipmodernngawi.ac.id"", ""email"": ""info@stkipmodernngawi.ac.id"", ""phone"": ""0351 7401546 / 000""}",1575000,500000,2650000,3150000,1000000,5300000,SWASTA,-,-1,-1,-
158,UNIVERSITAS MUHAMMADIYAH KUDUS,KABUPATEN KUDUS,JAWA TENGAH,"{""website"": ""www.umku.ac.id"", ""email"": ""sekretariat@umku.ac.id"", ""phone"": ""0291437218 / 0291442993""}",4250000,500000,8000000,8500000,1000000,16000000,SWASTA,-,-1,-1,-
159,UNIVERSITAS MUHAMMADIYAH PURWOREJO,"Jalan KH Ahmad Dahlan No 3, KABUPATEN PURWOREJO",JAWA TENGAH,"{""website"": ""www.umpwr.ac.id"", ""email"": ""info@umpwr.ac.id"", ""phone"": ""0275-321494 / 0275-321494-116""}",1973750,160000,3787500,3947500,320000,7575000,SWASTA,-,-1,-1,-
160,SEKOLAH TINGGI HUKUM INDONESIA JENTERA,"Puri Imperium Office Plaza Upper Ground Floor Unit 15  Jl. Kuningan Madya Kav. 5-, KOTA JAKARTA SELATAN",D.K.I. JAKARTA,"{""website"": ""www.jentera.ac.id"", ""email"": ""info@jentera.ac.id"", ""phone"": ""021 8302070 / 021 83701810""}",-1,-1,-1,-1,-1,-1,SWASTA,-,-1,-1,-
161,UNIVERSITAS MADANI,KABUPATEN BANTUL,D.I. YOGYAKARTA,"{""website"": ""http://umad.ac.id"", ""email"": ""info@umad.ac.id"", ""phone"": ""2842380""}",-1,-1,-1,-1,-1,-1,SWASTA,-,-1,-1,-
162,UNIVERSITAS MAHENDRADATTA,"Jalan Ken Arok No 12, KOTA DENPASAR",BALI,"{""website"": ""mahendradattauniversitas.ac.id"", ""email"": ""mahendradattauniversitas@gmail.com"", ""phone"": ""0361 434827 / 0361 434827""}",3625000,3250000,4000000,7250000,6500000,8000000,SWASTA,-,-1,-1,-
163,AKADEMI KEBIDANAN WIJAYA HUSADA,"Bogor, KABUPATEN BOGOR",JAWA BARAT,"{""website"": """", ""email"": ""wijayahusada8@gmail.com"", ""phone"": ""081295819088""}",1,1,1,2,2,2,SWASTA,-,-1,-1,-
164,UNIVERSITAS WIRA BHAKTI,KOTA MAKASSAR,SULAWESI SELATAN,"{""website"": ""-"", ""email"": ""operator@wirabhaktimakassar.ac.id"", ""phone"": """"}",3350000,2500000,4200000,6700000,5000000,8400000,SWASTA,-,-1,-1,-
165,STMIK SAMARINDA,"Jalan Banggeris No 82, KOTA SAMARINDA",KALIMANTAN TIMUR,"{""website"": ""www.stmik-samarinda.ac.id"", ""email"": ""kampus@stmik-samarinda.ac.id"", ""phone"": ""0541 746557 / 0541 746557""}",4550000,4550000,4550000,9100000,9100000,9100000,SWASTA,-,-1,-1,-
166,POLITEKNIK DARMA GANESHA,"Jl. Sriwijaya No. 13 Tanjungpandan  Belitung, KABUPATEN BELITUNG",BANGKA BELITUNG,"{""website"": ""www.poltekdg.ac.id"", ""email"": ""darmaganeshapoliteknik@gmail.com"", ""phone"": ""0719- 9301023""}",-1,-1,-1,-1,-1,-1,SWASTA,-,-1,-1,-
167,POLITEKNIK KESEHATAN SITEBA,"Jalan Joni Anwar No 8 Lapai, KOTA PADANG",SUMATERA BARAT,"{""website"": ""www.poltekessitebapadang.ac.id"", ""email"": ""info@poltekessitebapadang.ac.id"", ""phone"": ""0751-445-881""}",3750000,2500000,5000000,7500000,5000000,10000000,SWASTA,-,-1,-1,-
168,POLITEKNIK INSAN TAZAKKA,KABUPATEN KARAWANG,JAWA BARAT,"{""website"": ""https://poltek-insantazakka.ac.id"", ""email"": ""poltek.insantazakka@gmail.com"", ""phone"": ""085179751842""}",4200000,4200000,4200000,8400000,8400000,8400000,SWASTA,-,-1,-1,-
169,POLITEKNIK LAMANDAU,"Jl. Jenderal Sudriman RT. 12C Kel. Nanga Bulik, KABUPATEN LAMANDAU",KALIMANTAN TENGAH,"{""website"": ""https://polilaman.ac.id/"", ""email"": ""polilamannb@gmail.com"", ""phone"": """"}",2090000,270000,3910000,4180000,540000,7820000,SWASTA,-,-1,-1,-
170,STKIP PARACENDEKIA N W SUMBAWA,"Jalan Lintas Sumbawa-Bima Km. 5 Sumbawa Besar  NTB, KABUPATEN SUMBAWA",NUSA TENGGARA BARAT,"{""website"": ""stkipparacendekianw.ac.id"", ""email"": ""stkippnwsbw@gmail.com; stkipparacendekianw.ac.id"", ""phone"": ""081915923077""}",2500000,1000000,4000000,5000000,2000000,8000000,SWASTA,-,-1,-1,-
171,SEKOLAH TINGGI ILMU EKONOMI DAHANI DAHANAI BUNTOK,"Jl Cut Nyak Dien No 09 A, KABUPATEN BARITO SELATAN",KALIMANTAN TENGAH,"{""website"": ""www.stiedahanidahanai.com"", ""email"": ""stiedahanidahanai@gmail.com  stiedd_buntok@yahoo.co.id"", ""phone"": ""082255464333 / 082255464333""}",6875000,1250000,12500000,13750000,2500000,25000000,SWASTA,-,-1,-1,-
172,UNIVERSITAS BANI SALEH,KOTA BEKASI,JAWA BARAT,"{""website"": ""www.ubs.ac.id"", ""email"": ""info@ubs.ac.id"", ""phone"": ""0218800992""}",57401,57401,57402,114803,114802,114804,SWASTA,-,-1,-1,-
173,SEKOLAH TINGGI ILMU KOMPUTER 22 JANUARI KENDARI,KOTA KENDARI,SULAWESI TENGGARA,"{""website"": ""-"", ""email"": ""stikom22jnrkdi@gmail.com"", ""phone"": ""081244023900""}",2500000,2500000,2500000,5000000,5000000,5000000,SWASTA,-,-1,-1,-
174,AKADEMI FARMASI MITRA SEHAT MANDIRI SIDOARJO,"Jl. Ki Hajar Dewantara No.200 Krian Sidoarjo, KABUPATEN SIDOARJO",JAWA TIMUR,"{""website"": ""akfarmitseda.ac.id"", ""email"": ""akfar@mitseda.ac.id"", ""phone"": ""031 8887233  8987404 / 031 8987233""}",-1,-1,-1,-1,-1,-1,SWASTA,-,-1,-1,-
175,STISIP SAMUDERA INDONESIA SELATAN,"Jl. Raya Mekarmukti Cijayana Mekarmukti Garut Jawa Barat, KABUPATEN GARUT",JAWA BARAT,"{""website"": ""https://stisipsains.ac.id/"", ""email"": ""stisipsamuderaindonesia@gmail.com"", ""phone"": ""085223104191""}",2400000,2400000,2400000,4800000,4800000,4800000,SWASTA,-,-1,-1,-
176,UNIVERSITAS MUHAMMADIYAH MUARA BUNGO,KABUPATEN BUNGO,JAMBI,"{""website"": ""www.ummuba.ac.id"", ""email"": ""rektorat@ummuba.ac.id"", ""phone"": ""0822 8883 8851""}",4575000,4500000,4650000,9150000,9000000,9300000,SWASTA,-,-1,-1,-
177,INSTITUT KEUANGAN-PERBANKAN DAN INFORMATIKA ASIA PERBANAS,"Jl Perbanas  Karet Kuningan, KOTA JAKARTA SELATAN",D.K.I. JAKARTA,"{""website"": ""www.perbanas.id"", ""email"": ""contact@perbanas.id"", ""phone"": ""021-5222501-04 / 021-5228460""}",7500000,5000000,10000000,15000000,10000000,20000000,SWASTA,-,-1,-1,-
178,SEKOLAH TINGGI ILMU SOSIAL DAN POLITIK FAJAR TIMUR,"Jl Meo Abekunatun No 26, KABUPATEN BELU",NUSA TENGGARA TIMUR,"{""website"": ""http://stisipfajartimur.ac.id"", ""email"": ""stisipfajartimur.atb@gmail.com"", ""phone"": ""081318673608 / 038922146""}",-1,-1,-1,-1,-1,-1,SWASTA,-,-1,-1,-
179,STIKES SAKINAH HUSADA TANJUNG BALAI,"Jln. Anwar IdrisKel. Bunga Tanjung  Kec. Datuk Bandar Timur Kota Tanj, KOTA TANJUNG BALAI",SUMATERA UTARA,"{""website"": ""---"", ""email"": ""stikessakinahhusada123@gmail.com"", ""phone"": ""085270222443 / 085270222443""}",3500000,3000000,4000000,7000000,6000000,8000000,SWASTA,-,-1,-1,-
180,INSTITUT ILMU KESEHATAN BHAKTI WIYATA KEDIRI,"Jl KH Wachid Hasyim No 65, KOTA KEDIRI",JAWA TIMUR,"{""website"": ""www.iik.ac.id"", ""email"": ""admin@iik.ac.id"", ""phone"": ""0354-773299 / 0354-771539""}",12000000,3000000,21000000,24000000,6000000,42000000,SWASTA,-,-1,-1,-
181,UNIVERSITAS MUHAMMADIYAH TEGAL,KABUPATEN TEGAL,JAWA TENGAH,"{""website"": ""umtegal.ac.id"", ""email"": ""umtegal@gmail.com"", ""phone"": ""0283351081""}",4900000,2400000,7400000,9800000,4800000,14800000,SWASTA,-,-1,-1,-
182,SEKOLAH TINGGI MANAJEMEN INFORMATIKA DAN KOMPUTER PGRI ARUNGBINANG KEBUMEN,KABUPATEN KEBUMEN,JAWA TENGAH,"{""website"": ""-"", ""email"": ""-"", ""phone"": """"}",2850000,2850000,2850000,5700000,5700000,5700000,SWASTA,-,-1,-1,-
183,DEAKIN UNIVERSITY,KOTA BANDUNG,JAWA BARAT,"{""website"": ""-"", ""email"": ""-"", ""phone"": """"}",-1,-1,-1,-1,-1,-1,SWASTA,-,-1,-1,-
184,AKADEMI KOMUNITAS KEBUN ANOM,KABUPATEN JEMBER,JAWA TIMUR,"{""website"": ""-"", ""email"": ""-"", ""phone"": """"}",-1,-1,-1,-1,-1,-1,SWASTA,-,-1,-1,-
185,UNIVERSITAS NURUL JADID,"PP Nurul Jadid Pox Box 1  Karanganyar  Paiton, KABUPATEN PROBOLINGGO",JAWA TIMUR,"{""website"": ""https://www.unuja.ac.id"", ""email"": ""unuja@unuja.ac.id"", ""phone"": ""08883077077 / 08883077077""}",1000,1000,1000,2000,2000,2000,SWASTA,-,-1,-1,-
186,AKADEMI KEBIDANAN PRIMA HUSADA,"Jl. Brigdjen H Saptadji No. 19 Cilendek Barat Kota Bogor, KOTA BOGOR",JAWA BARAT,"{""website"": ""akbidprimahusada.ac.id"", ""email"": ""akbidprima@yahoo.com"", ""phone"": ""02518319922 / 02518339966""}",6500000,6500000,6500000,13000000,13000000,13000000,SWASTA,-,-1,-1,-
187,SEKOLAH TINGGI ILMU HUKUM SOELTHAN M TSJAFIOEDDIN,"Jl Soelthan M Tsjafioeddin No 29, KOTA SINGKAWANG",KALIMANTAN BARAT,"{""website"": ""stihsmt.ac.id"", ""email"": ""stih.singkawang@gmail.com"", ""phone"": ""081256494135 / 0562-631926""}",3750000,3500000,4000000,7500000,7000000,8000000,SWASTA,-,-1,-1,-
188,UNIVERSITAS SUBANG,"Jalan RA Kartini KM 3 Subang, KABUPATEN SUBANG",JAWA BARAT,"{""website"": ""www.unsub.ac.id"", ""email"": ""info@unsub.ac.id"", ""phone"": ""02604240927 / 02604240927""}",2600000,200000,5000000,5200000,400000,10000000,SWASTA,-,-1,-1,-
189,STMIK ANTAR BANGSA,"Jl. Raden Fattah No. 70A  Pondok Aren, KOTA TANGERANG",BANTEN,"{""website"": ""antarbangsa.ac.id"", ""email"": ""info@antarbangsa.ac.id"", ""phone"": ""50986099""}",2550000,1000000,4100000,5100000,2000000,8200000,SWASTA,-,-1,-1,-
190,POLITEKNIK KEBANGSAAN,KOTA GORONTALO,GORONTALO,"{""website"": ""-"", ""email"": ""-"", ""phone"": """"}",-1,-1,-1,-1,-1,-1,SWASTA,-,-1,-1,-
191,STIKES KUSUMA BANGSA,"Jl. Pariwisata No. 48, KOTA MATARAM",NUSA TENGGARA BARAT,"{""website"": ""www.kusumabangsa.ac.id"", ""email"": ""kusumabangsaaaa@gmail.com"", ""phone"": ""7847342""}",7150000,5825000,8475000,14300000,11650000,16950000,SWASTA,-,-1,-1,-
192,UNIVERSITAS NUSANTARA PGRI KEDIRI,"Jl KH Achmad Dahlan 76 Mojoroto, KOTA KEDIRI",JAWA TIMUR,"{""website"": ""www.unpkediri.ac.id"", ""email"": ""admin@unpkediri.ac.id"", ""phone"": ""771503  771576 / 771503  771576""}",3900000,600000,7200000,7800000,1200000,14400000,SWASTA,-,-1,-1,-
193,SEKOLAH TINGGI ILMU EKONOMI WILWATIKTA,"Kebonsari Baru Selatan  Kebonsari, KOTA SURABAYA",JAWA TIMUR,"{""website"": ""stie.wilwatiktaa.ac.id"", ""email"": ""stie.wilwatikta@gmail.com"", ""phone"": ""081232890611""}",-1,-1,-1,-1,-1,-1,SWASTA,-,-1,-1,-
194,AKADEMI KEBIDANAN BUDI MULIA,"Jl. Wali Songo Rt. 03 Kel. Kenali Besar  Kec. Kotabaru   Jambi, KOTA JAMBI",JAMBI,"{""website"": ""http://budimulia.ac.id"", ""email"": ""akbidbudimuliajambi@yahoo.co.id"", ""phone"": ""081366828846""}",30250000,5500000,55000000,60500000,11000000,110000000,SWASTA,-,-1,-1,-
195,AKADEMI KEBIDANAN MENARA PRIMADANI,"Soppeng, KABUPATEN SOPPENG",SULAWESI SELATAN,"{""website"": ""akbidmps.ac.id"", ""email"": ""akbid_primadanisoppeng@yahoo.co.id"", ""phone"": ""085251691864""}",2400000,2400000,2400000,4800000,4800000,4800000,SWASTA,-,-1,-1,-
