pddikti_institution_code,institution_name,ownership,address,regency,province,contact,average_semester_fee,starting_semester_fee,ending_semester_fee,average_yearly_fee,starting_yearly_fee,ending_yearly_fee,body_type,link,student_amount,lecturer_amount,description
1,SEKOLAH TINGGI ILMU ADMINISTRASI AAN,-1,Blunyahrejo Karangwaru Tegalrejo,KOTA YOGYAKARTA,PROV. D.I. YOGYAKARTA,"{""website"": ""www.stia-aan.ac.id"", ""email"": ""stiaaan79@gmail.com"", ""phone"": ""0274-517471 / 0274-517471""}",8502500,980000,16025000,17005000,1960000,32050000,-1,-1,-1,-1,-1
2,SEKOLAH TINGGI AGAMA ISLAM PELITA NUSA BANDUNG BARAT,-1,-,KOTA BANDUNG,PROV. JAWA BARAT,"{""website"": ""https://staipelitanusa.ac.id/"", ""email"": ""staipelitanusakbb@gmail.com"", ""phone"": ""022-6864385""}",-1,-1,-1,-1,-1,-1,-1,-1,-1,-1,-1
3,UNIVERSITAS ISLAM NEGERI AR-RANIRY BANDA ACEH,-1,Jl. Syeikh Abdur Rauf Kopelma Darussalam Banda Aceh,KOTA BANDA ACEH,PROV. ACEH,"{""website"": ""http://www.uin.ar-raniry.ac.id"", ""email"": ""uin@ar-raniry.ac.id"", ""phone"": ""0651-7552921 / 0651-7552922""}",1663500,400000,2927000,3327000,800000,5854000,-1,-1,-1,-1,-1
4,STAI ASY-SYUKRIYYAH TANGERANG,-1,-,KOTA TANGERANG,PROV. BANTEN,"{""website"": ""http://asy-syukriyyah.ac.id/"", ""email"": ""info@asy-syukriyyah.ac.id"", ""phone"": ""021 5544515 / 021 5544515""}",-1,-1,-1,-1,-1,-1,-1,-1,-1,-1,-1
5,STT SRIWIJAYA PALEMBANG,-1,-,KAB. BANYUASIN,PROV. SUMATERA SELATAN,"{""website"": ""www.stt-sriwijaya.ac.id"", ""email"": ""sttsriwijaya@yahoo.com"", ""phone"": ""085382537709""}",4800000,3600000,6000000,9600000,7200000,12000000,-1,-1,-1,-1,-1
6,STEI AR RISALAH CIAMIS JAWA BARAT,-1,-,KAB. CIAMIS,PROV. JAWA BARAT,"{""website"": ""www.steirisalah.ac.id"", ""email"": ""steirrisalah@gmail.com"", ""phone"": ""0265-774502 / 02657577526""}",1075000,950000,1200000,2150000,1900000,2400000,-1,-1,-1,-1,-1
7,SEKOLAH TINGGI DESAIN INTERSTUDI,-1,Jln. Kapten Tendean No. 02 Kebayoran Baru JAKARTA SELATAN,KOTA JAKARTA SELATAN,PROV. D.K.I. JAKARTA,"{""website"": ""www.interstudi.edu"", ""email"": ""interstudi.stdi@gmail.com"", ""phone"": ""021-71793985 / 021-71790477""}",9450000,9000000,9900000,18900000,18000000,19800000,-1,-1,-1,-1,-1
8,POLITEKNIK NEGERI BENGKALIS,-1,Jalan Bathin Alam  Desa Sungai Alam  Kecamatan Bengkalis,KAB. BENGKALIS,PROV. RIAU,"{""website"": ""polbeng.ac.id"", ""email"": ""polbeng@polbeng.ac.id"", ""phone"": ""+627667008877 / +627668001000""}",1750000,500000,3000000,3500000,1000000,6000000,-1,-1,-1,-1,-1
9,SEKOLAH TINGGI ILMU PELAYARAN JAKARTA,-1,JL. MARUNDA MAKMUR  CILINCING  JAKARTA UTARA,KOTA JAKARTA UTARA,PROV. D.K.I. JAKARTA,"{""website"": ""www.stipjakarta.ac.id"", ""email"": ""webmaster@stipjakarta.ac.id"", ""phone"": ""02188991618 / 02144834345""}",16287500,100000,32475000,32575000,200000,64950000,-1,-1,-1,-1,-1
10,UNIVERSITAS KOMPUTER INDONESIA,-1,Jalan Dipatiukur No 112-114,KOTA BANDUNG,PROV. JAWA BARAT,"{""website"": ""www.unikom.ac.id"", ""email"": ""sektor@email.unikom.ac.id"", ""phone"": ""022-2503430 / 022-2503371""}",9017500,450000,17585000,18035000,900000,35170000,-1,-1,-1,-1,-1
11,AKADEMI KEBIDANAN MADINA HUSADA,-1,Jl Willem Iskandar No 154-f Panyabungan Mandailing Natal,KAB. MANDAILING NATAL,PROV. SUMATERA UTARA,"{""website"": ""Http//akbidmadinahusada.ac.id"", ""email"": ""husada_madina@yahoo.com"", ""phone"": ""0636-7003136 / 0636-3213136""}",3500000,1500000,5500000,7000000,3000000,11000000,-1,-1,-1,-1,-1
12,SEKOLAH TINGGI TEKNOLOGI WARGA SURAKARTA,-1,-,KAB. SUKOHARJO,PROV. JAWA TENGAH,"{""website"": ""sttw.ac.id"", ""email"": ""stt_warga@sttw.ac.id"", ""phone"": ""0271621178 / 0271621176""}",14237500,4750000,23725000,28475000,9500000,47450000,-1,-1,-1,-1,-1
13,UNIVERSITAS MUHAMMADIYAH JAKARTA,-1,Kampus A Jl. Cempaka Putih Tengah 27  Cempaka Putih,KOTA JAKARTA PUSAT,PROV. D.K.I. JAKARTA,"{""website"": ""www.umj.ac.id"", ""email"": ""info@umj.ac.id"", ""phone"": ""7401894 / 7430756""}",12255600,11201,24500000,24511201,22402,49000000,-1,-1,-1,-1,-1
14,INSTITUT MARITIM PRASETIYA MANDIRI,-1,-,KOTA BANDAR LAMPUNG,PROV. LAMPUNG,"{""website"": ""impm.ac.id"", ""email"": ""admin@impm.ac.id"", ""phone"": ""082186808887""}",4500000,3000000,6000000,9000000,6000000,12000000,-1,-1,-1,-1,-1
15,SEKOLAH TINGGI ILMU TARBIYAHISLAMIYAH NUSA TENGGARA BARAT,-1,-,KAB. LOMBOK UTARA,PROV. NUSA TENGGARA BARAT,"{""website"": ""stitintb.ac.id"", ""email"": ""stitislamiyahntb@gmail.com"", ""phone"": ""081805718146""}",1200000,1200000,1200000,2400000,2400000,2400000,-1,-1,-1,-1,-1
16,SEKOLAH TINGGI ILMU MANAJEMEN INDONESIA YAPMI,-1,Jl Perintis Kemerdekaan KM 9,KOTA MAKASSAR,PROV. SULAWESI SELATAN,"{""website"": ""stimi-yapmi.ac.id"", ""email"": ""kampus.stimiyapmi@gmail.com"", ""phone"": ""4773029 / 4773031""}",-1,-1,-1,-1,-1,-1,-1,-1,-1,-1,-1
17,STAI AL-FURQAN MAKASSAR  SULAWESI SELATAN,-1,Jl.Perintis KM. 15 Daya,KOTA MAKASSAR,PROV. SULAWESI SELATAN,"{""website"": ""www.staialfurqanmakassar.ac.id"", ""email"": ""admin1@Staialfurqanmakassar.ac.id"", ""phone"": ""0411512050 / 125577""}",1500000,1500000,1500000,3000000,3000000,3000000,-1,-1,-1,-1,-1
18,SEKOLAH TINGGI ILMU EKONOMI BALIKPAPAN,-1,Perkampungan Pelajar Gn Pasir   Balikpapan,KOTA BALIKPAPAN,PROV. KALIMANTAN TIMUR,"{""website"": ""www.stiebalikpapan.ac.id"", ""email"": ""info@stiebalikpapan.ac.id"", ""phone"": ""0542-8500850/424819""}",4462500,1125000,7800000,8925000,2250000,15600000,-1,-1,-1,-1,-1
19,AKADEMI TEKNOLOGI BOGOR,-1,Jalan Bina Marga No. 17 Bogor,KOTA BOGOR,PROV. JAWA BARAT,"{""website"": ""akatek-bogor.ac.id"", ""email"": ""akademi_teknologi@yahoo.com"", ""phone"": ""0251-8316-556""}",4000000,4000000,4000000,8000000,8000000,8000000,-1,-1,-1,-1,-1
20,SEKOLAH TINGGI TEKNOLOGI PAYAKUMBUH,-1,Khatib Sulaiman,KOTA PAYAKUMBUH,PROV. SUMATERA BARAT,"{""website"": ""www.sttpyk.ac.id"", ""email"": ""stt.payakumbuh@yahoo.com"", ""phone"": ""0752-796063 / 0752-90063""}",-1,-1,-1,-1,-1,-1,-1,-1,-1,-1,-1
21,IKIP SARASWATI,-1,Jalan Pahlawan No 2,KAB. TABANAN,PROV. BALI,"{""website"": ""https://www.ikip-saraswati.ac.id/"", ""email"": ""ikipsaraswati@yahoo.co.id / ikipsaraswati240983@gmail.com"", ""phone"": ""0361814909 / 0361814909""}",3190000,3190000,3190000,6380000,6380000,6380000,-1,-1,-1,-1,-1
22,UNIVERSITAS ANNUQAYAH,-1,-,KAB. SUMENEP,PROV. JAWA TIMUR,"{""website"": ""www.ua.ac.id"", ""email"": ""info@ua.ac.id"", ""phone"": """"}",3725000,950000,6500000,7450000,1900000,13000000,-1,-1,-1,-1,-1
23,SEKOLAH TINGGI TEOLOGI SABDA AGUNG,-1,-,KOTA SURABAYA,PROV. JAWA TIMUR,"{""website"": ""https://sttsabdaagung.ac.id"", ""email"": ""sttsabdaagung@gmail.com"", ""phone"": ""082141794060""}",-1,-1,-1,-1,-1,-1,-1,-1,-1,-1,-1
24,INSTITUT BISNIS DAN TEKNOLOGI KALIMANTAN,-1,-,KOTA BANJARMASIN,PROV. KALIMANTAN SELATAN,"{""website"": ""https://ibitek.ac.id/"", ""email"": ""baak@ibitek.ac.id"", ""phone"": ""+6285250345454""}",-1,-1,-1,-1,-1,-1,-1,-1,-1,-1,-1
25,UNIVERSITAS PRASETIYA MULYA,-1,Jl. RA. Kartini  Cilandak Barat,KOTA JAKARTA SELATAN,PROV. D.K.I. JAKARTA,"{""website"": ""www.prasetiyamulya.ac.id"", ""email"": ""bpm@pmbs.ac.id"", ""phone"": ""021-7511126/30450500 / 021-7500460/30450505""}",25500000,1000000,50000000,51000000,2000000,100000000,-1,-1,-1,-1,-1
26,UNIVERSITAS MUHAMMADIYAH TASIKMALAYA,-1,Jalan Tamansari Gobras,KOTA TASIKMALAYA,PROV. JAWA BARAT,"{""website"": ""www.umtas.ac.id"", ""email"": ""kotaksurat@umtas.ac.id"", ""phone"": ""0265-2350982 / 0265-2350982""}",8725000,100000,17350000,17450000,200000,34700000,-1,-1,-1,-1,-1
27,SEKOLAH TINGGI AGAMA KRISTEN SABDA HOLISTIK MALANG,-1,Dusun Cemoro RT.003/RW.002 Desa Pungging  Kecamatan Tutur,KAB. PASURUAN,PROV. JAWA TIMUR,"{""website"": ""https://www.staksh.ac.id/"", ""email"": ""staksabdaholistik@gmail.com"", ""phone"": """"}",4700000,4700000,4700000,9400000,9400000,9400000,-1,-1,-1,-1,-1
28,SEKOLAH TINGGI ILMU KESEHATAN BANTUL,-1,-,KAB. BANTUL,PROV. D.I. YOGYAKARTA,"{""website"": ""www.stikesbantul.ac.id"", ""email"": ""stikesbantul@gmail.com"", ""phone"": ""0274367760""}",4400000,800000,8000000,8800000,1600000,16000000,-1,-1,-1,-1,-1
29,SEKOLAH TINGGI ILMU TARBIYAH MUHAMMADIYAH TANJUNG REDEB BERAU,-1,Jl. Jend. Sudirman Kel. Bugis Tg. Redeb  Berau,KAB. BERAU,PROV. KALIMANTAN TIMUR,"{""website"": ""www.stitmberkemajuan.ac.id"", ""email"": ""info@stitmberkemajuan.ac.id"", ""phone"": ""0554 2020230 / 0554 2020230""}",5075000,3650000,6500000,10150000,7300000,13000000,-1,-1,-1,-1,-1
30,SEKOLAH TINGGI ILMU KESEHATAN HAKLI,-1,Jalan Dr Ismangil 27,KOTA SEMARANG,PROV. JAWA TENGAH,"{""website"": ""www.stikeshaklismg.ac.id"", ""email"": ""stikeshaklismg@yahoo.co.id"", ""phone"": ""024-7601844 / 024-76632464""}",4800000,4800000,4800000,9600000,9600000,9600000,-1,-1,-1,-1,-1
31,SEKOLAH TINGGI ILMU KESEHATAN NOTOKUSUMO YOGYAKARTA,-1,Kampus I  : Jl. masjid PA No 5 Yogyakarta  Kampus II : Jl. Bener No 26 Tegalrejo,KOTA YOGYAKARTA,PROV. D.I. YOGYAKARTA,"{""website"": ""www.stikes-notokusumo.ac.id"", ""email"": ""admisi@stikes-notokusumo.ac.id"", ""phone"": ""587208 / 587402""}",3975000,500000,7450000,7950000,1000000,14900000,-1,-1,-1,-1,-1
32,POLITEKNIK PRASETIYA MANDIRI,-1,-,KOTA BOGOR,PROV. JAWA BARAT,"{""website"": ""https://prasetiyamandiri.ac.id/"", ""email"": ""info@prasetiyamandiri.ac.id"", ""phone"": ""02518356102 / 0251-8356102""}",4500000,4000000,5000000,9000000,8000000,10000000,-1,-1,-1,-1,-1
33,SEKOLAH TINGGI ILMU EKONOMI SYARIAH NAHDLATUL ULAMA BENGKULU,-1,-,KOTA BENGKULU,PROV. BENGKULU,"{""website"": ""stiesnu-bengkulu.ac.id"", ""email"": ""humas@stiesnu-bengkulu.ac.id"", ""phone"": ""085369179919""}",2500000,2500000,2500000,5000000,5000000,5000000,-1,-1,-1,-1,-1
34,SEKOLAH TINGGI TEOLOGI HARAPAN BARU MEDAN,-1,Jalan Helvetia By Pass Kapten Sumarsono Aronta Nomor 79 Kecamatan Sunggal,KAB. DELI SERDANG,PROV. SUMATERA UTARA,"{""website"": ""-"", ""email"": ""-"", ""phone"": """"}",-1,-1,-1,-1,-1,-1,-1,-1,-1,-1,-1
35,STAIN ZAWIYAH COT KALA LANGSA,-1,Jl Meurandeh Kota Langsa,KOTA LANGSA,PROV. ACEH,"{""website"": ""www.stainlangsa.ac.id"", ""email"": ""info@stainlangsa.ac.id"", ""phone"": ""23129 / 425139""}",-1,-1,-1,-1,-1,-1,-1,-1,-1,-1,-1
36,UNIVERSITAS PAPUA,-1,Jl Gunung Salju  Amban Manokwari,KAB. MANOKWARI,PROV. PAPUA BARAT,"{""website"": ""https://bpak.unipa.ac.id/"", ""email"": ""rektor@unipa.ac.id"", ""phone"": ""0986-211974  211754 / 0986-211455""}",-1,-1,-1,-1,-1,-1,-1,-1,-1,-1,-1
37,SEKOLAH TINGGI AGAMA HINDU BHATARA GURU KENDARI SULAWESI TENGGARA,-1,Jln. Cempaka Putih Nomor: 19 Kendari Sulawesi tenggara,KOTA KENDARI,PROV. SULAWESI TENGGARA,"{""website"": ""stahbgk.ac.id"", ""email"": ""stahbgkendari@gmail.com"", ""phone"": """"}",1000000,1000000,1000000,2000000,2000000,2000000,-1,-1,-1,-1,-1
38,INSTITUT CITRA INTERNASIONAL,-1,-,KOTA PANGKALPINANG,PROV. BANGKA BELITUNG,"{""website"": ""www.ici.ac.id"", ""email"": ""institutcitrainternasional@gmail.com"", ""phone"": ""0717-422531""}",10175000,2400000,17950000,20350000,4800000,35900000,-1,-1,-1,-1,-1
39,SEKOLAH TINGGI TEKNIK ISKANDAR THANI,-1,Jl. Alue Naga Desa Tibang Banda Aceh,KOTA BANDA ACEH,PROV. ACEH,"{""website"": ""sttit.ac.id"", ""email"": ""universitasiskandarthani@gmail.com"", ""phone"": ""065127545 / 065127545""}",16200000,2400000,30000000,32400000,4800000,60000000,-1,-1,-1,-1,-1
40,SEKOLAH TINGGI ILMU TARBIYAH AL WAFI BOGOR,-1,Jalan Raya Arco Nomor 1 RT. 002/RW. 01 Desa Citayam  Kecamatan Tajurhalang,KAB. BOGOR,PROV. JAWA BARAT,"{""website"": ""-"", ""email"": ""-"", ""phone"": """"}",-1,-1,-1,-1,-1,-1,-1,-1,-1,-1,-1
41,UNIVERSITAS DOKTOR HUSNI INGRATUBUN PAPUA,-1,-,KOTA JAYAPURA,PROV. PAPUA,"{""website"": ""www.uningratpapua.ac.id"", ""email"": ""humas@uningratpapua.ac.id"", ""phone"": """"}",3000000,3000000,3000000,6000000,6000000,6000000,-1,-1,-1,-1,-1
42,UNIVERSITAS PAMULANG,-1,Jalan Suryakencana No 1 Pamulang  Kota Tangerang Selatan Provinsi Banten,KOTA TANGERANG SELATAN,PROV. BANTEN,"{""website"": ""www.unpam.ac.id"", ""email"": ""admin@unpam.ac.id"", ""phone"": ""7412566 / 74709855""}",3650000,2400000,4900000,7300000,4800000,9800000,-1,-1,-1,-1,-1
43,SEKOLAH TINGGI AGAMA ISLAM AL GAZALI BARRU,-1,Jl. Sultan Hasanuddin No. 65Kecama,KAB. BARRU,PROV. SULAWESI SELATAN,"{""website"": ""................."", ""email"": ""staialgazalibarru@ymail.com"", ""phone"": ""0427-2323259 / 0427-2323259""}",-1,-1,-1,-1,-1,-1,-1,-1,-1,-1,-1
44,UNIVERSITAS WERISAR,-1,-,KAB. SORONG SELATAN,PROV. PAPUA BARAT,"{""website"": ""unsar.ac.id"", ""email"": ""unsar47eo2022@gmail.com"", ""phone"": ""081240940380""}",2600000,2600000,2600000,5200000,5200000,5200000,-1,-1,-1,-1,-1
45,UNIVERSITAS INDONESIA MEMBANGUN,-1,-,KOTA BANDUNG,PROV. JAWA BARAT,"{""website"": ""https://inaba.ac.id/"", ""email"": ""universitasinaba@inaba.ac.id"", ""phone"": ""7563919 / 7563921""}",5600000,50000,11150000,11200000,100000,22300000,-1,-1,-1,-1,-1
46,AKADEMI INFORMATIKA DAN KOMPUTER MEDICOM,-1,Jalan Bantam No 12,KOTA MEDAN,PROV. SUMATERA UTARA,"{""website"": ""www.medicom.ac.id"", ""email"": ""sahabatmedicom@gmail.com"", ""phone"": ""061-4152616 / 061-4578074""}",7250000,6500000,8000000,14500000,13000000,16000000,-1,-1,-1,-1,-1
47,POLITEKNIK ADIGUNA MARITIM INDONESIA MEDAN,-1,Jalan Brigjend. Bejo. d/h Pertempuran No.125  Pulo Brayan Kota,KOTA MEDAN,PROV. SUMATERA UTARA,"{""website"": ""http://poltek-amimedan.ac.id"", ""email"": ""info@poltek-amimedan.ac.id"", ""phone"": ""6615034 / 6627964""}",-1,-1,-1,-1,-1,-1,-1,-1,-1,-1,-1
48,INSTITUT AGAMA ISLAM LATIFAH MUBAROKIYAHSURYALAYA TASIKMALAYA,-1,Ds. Tanjungkerta  Kec. Pagerageung,KAB. TASIKMALAYA,PROV. JAWA BARAT,"{""website"": ""iailm.ac.id"", ""email"": ""iailm@iailm.ac.id"", ""phone"": ""0265-455808 / 0265-455809""}",4395000,280000,8510000,8790000,560000,17020000,-1,-1,-1,-1,-1
49,INSTITUT SENI BUDAYA INDONESIA BANDUNG,-1,Jalan Buahbatu No. 212 Bandung,KOTA BANDUNG,PROV. JAWA BARAT,"{""website"": ""www.isbi.ac.id"", ""email"": ""isbi@isbi.ac.id"", ""phone"": ""022-7314982 / 022-7303021""}",4000000,500000,7500000,8000000,1000000,15000000,-1,-1,-1,-1,-1
50,POLITEKNIK PRAKTISI BANDUNG,-1,Jalan Merdeka No. 46,KOTA BANDUNG,PROV. JAWA BARAT,"{""website"": ""www.praktisi.ac.id"", ""email"": ""info@praktisi.ac.id"", ""phone"": ""022-4219740 / 022-4219741""}",4200000,1200000,7200000,8400000,2400000,14400000,-1,-1,-1,-1,-1
51,AKADEMI KEPERAWATAN YAPENAS 21 MAROS,-1,Jl Perintis Kemerdekaan KM 19 Mandai,KAB. MAROS,PROV. SULAWESI SELATAN,"{""website"": ""http://akper.yapenas21maros.ac.id"", ""email"": ""info@yapenas21maros.ac.id"", ""phone"": ""0411-3881920 / 0411-3881920""}",2750000,2750000,2750000,5500000,5500000,5500000,-1,-1,-1,-1,-1
52,SEKOLAH TINGGI TEOLOGI ISTTO HIKMAT WAHYU,-1,,KAB. MINAHASA,PROV. SULAWESI UTARA,"{""website"": """", ""email"": ""sttisttohw@yahoo.com"", ""phone"": ""0431-893410""}",-1,-1,-1,-1,-1,-1,-1,-1,-1,-1,-1
53,STAI BANI SALEH BEKASI,-1,Jl. M. Hasibuan No.68 Bekasi Timur,KOTA BEKASI,PROV. JAWA BARAT,"{""website"": ""www.stai.banisaleh.ac.id"", ""email"": ""staibanisaleh@yahoo.co.id"", ""phone"": ""021-88343360 / 021-88343360""}",-1,-1,-1,-1,-1,-1,-1,-1,-1,-1,-1
54,INSTITUT BISNIS DAN INFORMATIKA KESATUAN,-1,Jl. Rangga Gading No.1  Gudang  Kecamatan Bogor Tengah  Kota Bogor  Jawa Barat,KOTA BOGOR,PROV. JAWA BARAT,"{""website"": ""http://www.ibik.ac.id"", ""email"": ""info@ibik.ac.id"", ""phone"": ""0251 8381112 / 0251 8319925""}",-1,-1,-1,-1,-1,-1,-1,-1,-1,-1,-1
55,SEKOLAH TINGGI ILMU KESEHATAN HUSADA GEMILANG,-1,-,KAB. INDRAGIRI HILIR,PROV. RIAU,"{""website"": ""husadagemilang.ac.id"", ""email"": ""stikeshusadagemilang@gmail.com"", ""phone"": ""076821621 / 076821621""}",4950000,4500000,5400000,9900000,9000000,10800000,-1,-1,-1,-1,-1
56,SEKOLAH TINGGI ILMU KESEHATAN ST. ELISABETH KEUSKUPAN MAUMERE,-1,-,KAB. SIKKA,PROV. NUSA TENGGARA TIMUR,"{""website"": ""https://stikes-kum.ac.id/"", ""email"": ""stikeskumelisabeth@gmail.com"", ""phone"": """"}",-1,-1,-1,-1,-1,-1,-1,-1,-1,-1,-1
57,UNIVERSITAS HALMAHERA,-1,Kompleks UNIERA  Jl. Wari Raya  Tobelo - Maluku Utara,KAB. HALMAHERA UTARA,PROV. MALUKU UTARA,"{""website"": ""www.uniera.ac.id"", ""email"": ""info@uniera.ac.id"", ""phone"": ""0924-2622408 / 0924-2621837""}",7630000,960000,14300000,15260000,1920000,28600000,-1,-1,-1,-1,-1
58,SEKOLAH TINGGI EKONOMI ISLAM HAJI ABDUL MALIK CIKARANG BARAT,-1,Jl. Desa Telaga Murni Bojong Koneng Cikarang Barat Kab Bekasi,KAB. BEKASI,PROV. JAWA BARAT,"{""website"": ""-"", ""email"": ""-"", ""phone"": """"}",-1,-1,-1,-1,-1,-1,-1,-1,-1,-1,-1
59,STIT AL-QURANIYAH  MANNA  BENGKULU SELATAN,-1,Jl. Affan Backsin n0 13 Manna Bengkulu Selatan,KAB. BENGKULU SELATAN,PROV. BENGKULU,"{""website"": """", ""email"": ""stitqmanna2019@gmail.com"", ""phone"": ""21689 / 21689""}",-1,-1,-1,-1,-1,-1,-1,-1,-1,-1,-1
60,SEKOLAH TINGGI TEOLOGI PARAUSORAT NAULI JAKARTA,-1,Jl. Jatinegara Barat IV No. 11-D Jakarta Telp.8584952 ; 8190963,KOTA JAKARTA TIMUR,PROV. D.K.I. JAKARTA,"{""website"": ""www.sttparausorat.ac.id"", ""email"": ""sttparausoratnaulijakarta04@yahoo.com"", ""phone"": ""8511037 / 8511165""}",-1,-1,-1,-1,-1,-1,-1,-1,-1,-1,-1
61,AKADEMI KEUANGAN PERBANKAN NUSANTARA,-1,Jl Medan Banda Aceh IDI KABUPATEN ACEH TIMUR,KAB. ACEH TIMUR,PROV. ACEH,"{""website"": ""www.akubank-nusantara.ac.id"", ""email"": ""akubank.nusantara@gmail.com"", ""phone"": ""06""}",1700000,1000000,2400000,3400000,2000000,4800000,-1,-1,-1,-1,-1
62,INSTITUT TEKNOLOGI HARAPAN BANGSA,-1,Jalan Dipatiukur No 80-84,KOTA BANDUNG,PROV. JAWA BARAT,"{""website"": ""www.ithb.ac.id"", ""email"": ""humas@ithb.ac.id"", ""phone"": ""022-2506636  2506604 / 022-2507901""}",9200000,1450000,16950000,18400000,2900000,33900000,-1,-1,-1,-1,-1
63,STAI TUANKU TAMBUSAI,-1,Jl. Riau No. 02 Kelurahan Pasir Pengaraian Kecamatan Rambah Kabupaten Rokan Hulu,KAB. ROKAN HULU,PROV. RIAU,"{""website"": ""staituankutambusai.ac.id"", ""email"": ""stai.tuankutambusai@yahoo.com"", ""phone"": ""+62 762 7392031""}",2250000,2250000,2250000,4500000,4500000,4500000,-1,-1,-1,-1,-1
64,POLITEKNIK STIBISNIS,-1,Jalan Arif Rahman Hakim no.71  Kelurahan Mangkukusuma   Kecamatan Tegal Timur,KOTA TEGAL,PROV. JAWA TENGAH,"{""website"": ""www.politeknikstibisnis.ac.id"", ""email"": ""pol.stibisnis@gmail.com"", ""phone"": ""0283 353800""}",-1,-1,-1,-1,-1,-1,-1,-1,-1,-1,-1
65,SEKOLAH TINGGI TEOLOGI TABERNAKEL LAWANG,-1,Jl. Ov. Slamet Riyadi 39  P.O. Box 101  Lawang Jawa Timur - Indonesia,KAB. MALANG,PROV. JAWA TIMUR,"{""website"": ""www.stttabernakel.ac.id"", ""email"": ""stttabernakel@ymail.com"", ""phone"": ""426361 / 426212""}",-1,-1,-1,-1,-1,-1,-1,-1,-1,-1,-1
66,SEKOLAH TINGGI ILMU KESEHATAN BUDI MULIA SRIWIJAYA,-1,-,KOTA PALEMBANG,PROV. SUMATERA SELATAN,"{""website"": ""budimulia.ac.id"", ""email"": ""budimulia_03@yahoo.com"", ""phone"": ""0711-417995 / 0711-417995""}",20800000,4000000,37600000,41600000,8000000,75200000,-1,-1,-1,-1,-1
67,UNIVERSITAS MUHAMMADIYAH BANDUNG,-1,Jl. Palasari No.9A,KOTA BANDUNG,PROV. JAWA BARAT,"{""website"": ""www.umbandung.ac.id"", ""email"": ""unmuhbandung@gmail.com"", ""phone"": ""022-6374-5992-4992""}",-1,-1,-1,-1,-1,-1,-1,-1,-1,-1,-1
68,POLITEKNIK KESEHATAN BHAKTI PERTIWI HUSADA,-1,Jl. Pilang Setrayasa VIII no. 9  Sukapura  Kota Cirebon,KOTA CIREBON,PROV. JAWA BARAT,"{""website"": ""www.poltekesbph.ac.id"", ""email"": ""info@poltekesbph.ac.id"", ""phone"": ""8250777 / 8250777""}",-1,-1,-1,-1,-1,-1,-1,-1,-1,-1,-1
69,AKADEMI KOMUNIKASI RADYA BINATAMA,-1,Jalan Raya Janti No. 3/47 Yogyakarta,KAB. SLEMAN,PROV. D.I. YOGYAKARTA,"{""website"": ""www.akrb.ac.id"", ""email"": ""akrb@akrb.ac.id"", ""phone"": ""0274 4333577 / 4333577""}",4000000,4000000,4000000,8000000,8000000,8000000,-1,-1,-1,-1,-1
70,UNIVERSITAS JAKARTA INTERNASIONAL,-1,Jakarta International Tower  Jalan Letjen S. Parman 1AA  Taman Cattleya  Slipi,KOTA JAKARTA BARAT,PROV. D.K.I. JAKARTA,"{""website"": ""https://www.uniji.ac.id/"", ""email"": ""-"", ""phone"": ""6281119167363""}",-1,-1,-1,-1,-1,-1,-1,-1,-1,-1,-1
71,AKADEMI KEBIDANAN AISYAH KABUPATEN PANGKEP,-1,Jln. Kemakmuran No.107  Pangkajene  Kab.Pangkep,KAB. PANGKAJENE KEPULAUAN,PROV. SULAWESI SELATAN,"{""website"": ""https://www.facebook.com/groups/akbid.aisyah/"", ""email"": ""akbid.aisyah.pangkep@gmail.com"", ""phone"": ""323969 / 323969""}",1900000,1900000,1900000,3800000,3800000,3800000,-1,-1,-1,-1,-1
72,UNIVERSITAS KRISTEN PAPUA,-1,Jalan F Kalasuat Malanu,KOTA SORONG,PROV. PAPUA BARAT,"{""website"": ""www.ukip.ac.id"", ""email"": ""ukipsrg141005@gmail.com"", ""phone"": ""0951 334115 / 0951 334117""}",2812500,125000,5500000,5625000,250000,11000000,-1,-1,-1,-1,-1
73,SEKOLAH TINGGI KEGURUAN DAN ILMU PENDIDIKAN SURYA KASIH,-1,-,KAB. TIMOR TENGAH UTARA,PROV. NUSA TENGGARA TIMUR,"{""website"": ""-"", ""email"": ""yskattu@yahoo.co.id  stkipsuryakasih@gmail.com"", ""phone"": ""081338757999""}",2400000,2400000,2400000,4800000,4800000,4800000,-1,-1,-1,-1,-1
74,UNIVERSITAS SARI MULIA,-1,-,KOTA BANJARMASIN,PROV. KALIMANTAN SELATAN,"{""website"": ""www.unism.ac.id"", ""email"": ""biroadmin@unism.ac.id"", ""phone"": ""3268105 / 3270134""}",20925000,850000,41000000,41850000,1700000,82000000,-1,-1,-1,-1,-1
75,SEKOLAH TINGGI TEKNOLOGI PEKANBARU,-1,Jalan Dirgantara No 4 Arengka,KOTA PEKANBARU,PROV. RIAU,"{""website"": ""www.sttp-yds.ac.id"", ""email"": ""humas@sttp-yds.ac.id"", ""phone"": ""0761-61815 / 0761-61815""}",3000000,2500000,3500000,6000000,5000000,7000000,-1,-1,-1,-1,-1
76,AKADEMI KEBIDANAN TUNAS HARAPAN BANGSA,-1,Jl Angkatan 66 Lr Suka Damai,KOTA PALEMBANG,PROV. SUMATERA SELATAN,"{""website"": ""www.akbidthb.ac.id"", ""email"": ""akbid_thb@yahoo.com"", ""phone"": ""0711813243 / 0711813243""}",-1,-1,-1,-1,-1,-1,-1,-1,-1,-1,-1
77,SEKOLAH TINGGI ILMU TARBIYAH NAHDLATUL ULAMAAL-FARABI PANGANDARAN,-1,Jl. Cigugur Km. 03 Pasirkiara Karangbenda Kec. Parigi Pangandaran Jawa Barat,KAB. PANGANDARAN,PROV. JAWA BARAT,"{""website"": ""https://alfarabi.ac.id/"", ""email"": ""info@alfarabi.ac.id"", ""phone"": ""081323512199""}",1500000,1500000,1500000,3000000,3000000,3000000,-1,-1,-1,-1,-1
78,UNIVERSITAS MEGAREZKY,-1,Jalan Antang Raya No. 45  Antang  Manggala,KOTA MAKASSAR,PROV. SULAWESI SELATAN,"{""website"": ""www.unimerz.ac.id"", ""email"": ""info@unimerz.ac.id"", ""phone"": ""492401 / 492401""}",16800000,100000,33500000,33600000,200000,67000000,-1,-1,-1,-1,-1
79,SEKOLAH TINGGI TEOLOGI INJILI INDONESIA AMBON,-1,Jl.Sisingamangaraja Waitatiri-Suli,KAB. MALUKU TENGAH,PROV. MALUKU,"{""website"": ""sttiiambon.ac.id"", ""email"": ""stiiambon@yahoo.com/sttiiambon33@gmail.com"", ""phone"": ""361071""}",-1,-1,-1,-1,-1,-1,-1,-1,-1,-1,-1
80,UNIVERSITAS BUNG KARNO,-1,Jalan Kimia No 20,KOTA JAKARTA PUSAT,PROV. D.K.I. JAKARTA,"{""website"": ""www.ubk.ac.id"", ""email"": ""rektorat@ubk.ac.id"", ""phone"": ""021-3901076 3901278 / 021-3901278""}",-1,-1,-1,-1,-1,-1,-1,-1,-1,-1,-1
81,POLITEKNIK LINGGA,-1,-,KAB. LINGGA,PROV. KEPULAUAN RIAU,"{""website"": ""-"", ""email"": ""ahmatendang@gmail.com"", ""phone"": ""085242775369""}",2400000,2400000,2400000,4800000,4800000,4800000,-1,-1,-1,-1,-1
82,UNIVERSITAS YAYASAN PENDIDIKAN IMAM BONJOL MAJALENGKA,-1,-,KAB. MAJALENGKA,PROV. JAWA BARAT,"{""website"": ""univypib.ac.id"", ""email"": ""kampus@univypib.ac.id"", ""phone"": ""0811-2221-913 / 0233-284-098""}",4550000,2500000,6600000,9100000,5000000,13200000,-1,-1,-1,-1,-1
83,STIKES DARMAIS PADANGSIDIMPUAN,-1,Jl. Belibis No. 1 Perumahan Sopo Indah Sigulang                       Kec.Padang,KOTA PADANG SIDEMPUAN,PROV. SUMATERA UTARA,"{""website"": ""www.stikesdarmaispadangsidimpuan.ac.id"", ""email"": ""info@stikesdarmaispadangsidimpuan.ac.id"", ""phone"": ""7020950 / 28672""}",3000000,3000000,3000000,6000000,6000000,6000000,-1,-1,-1,-1,-1
84,SEKOLAH TINGGI ILMU ADMINISTRASI AMUNTAI,-1,Jalan Kuripan Murung Sari 54,KAB. HULU SUNGAI UTARA,PROV. KALIMANTAN SELATAN,"{""website"": ""stia-amuntai@ac.id"", ""email"": ""stiaamt@gmail.com"", ""phone"": ""052762520 / 052762520""}",2865000,1800000,3930000,5730000,3600000,7860000,-1,-1,-1,-1,-1
85,SEKOLAH TINGGI ILMU EKONOMI PEMNAS INDONESIA,-1,Graha Wisata Jalan Thamrin No 1 Malang    Jawa - Timur  Indonesia,KOTA MALANG,PROV. JAWA TIMUR,"{""website"": ""http://www.stiepemnas.ac.id"", ""email"": ""pemnasindonesia@gmail.com"", ""phone"": ""0341-5080639""}",3750000,2500000,5000000,7500000,5000000,10000000,-1,-1,-1,-1,-1
86,POLITEKNIK ILMU PELAYARAN SEMARANG,-1,,KOTA SEMARANG,PROV. JAWA TENGAH,"{""website"": ""https://pip-semarang.ac.id"", ""email"": ""info@pip-semarang.ac.id"", ""phone"": ""0248311527 / 0248311529""}",-1,-1,-1,-1,-1,-1,-1,-1,-1,-1,-1
87,IAIN KENDARI,-1,Jln. Sultan Qaimuddin No. 17 Baruga Kota Kendari,KOTA KENDARI,PROV. SULAWESI TENGGARA,"{""website"": ""http://iainkendari.ac.id"", ""email"": ""iainkendari@yahoo.co.id"", ""phone"": ""0401 - 3192081 / 0401 - 3193710""}",2700000,400000,5000000,5400000,800000,10000000,-1,-1,-1,-1,-1
88,UNIVERSITAS ISLAM NEGERI SYEKH WASIL KEDIRI,-1,-,KAB. KEDIRI,PROV. JAWA TIMUR,"{""website"": ""-"", ""email"": ""-"", ""phone"": """"}",-1,-1,-1,-1,-1,-1,-1,-1,-1,-1,-1
89,SEKOLAH TINGGI ALKITAB SURABAYA,-1,Jl. Bromo I/7-9 Surabaya Jawa Timur Indonesia,KOTA SURABAYA,PROV. JAWA TIMUR,"{""website"": ""stas-surabaya.ac.id"", ""email"": ""stas_surabaya@yahoo.com"", ""phone"": ""0315460415""}",850000,500000,1200000,1700000,1000000,2400000,-1,-1,-1,-1,-1
90,UNIVERSITAS KRISTEN KRIDA WACANA,-1,Jl Tanjung Duren Raya No 4,KOTA JAKARTA BARAT,PROV. D.K.I. JAKARTA,"{""website"": ""www.ukrida.ac.id"", ""email"": ""univ.secretary@ukrida.ac.id"", ""phone"": ""021 566 6952-55 / 021 566 6956""}",28000000,28000000,28000000,56000000,56000000,56000000,-1,-1,-1,-1,-1
91,AKADEMI KOMUNITAS DEWINATALIA,-1,Jl. Bulu Mas Blok K3 No. 10 Kelurahan Manarang,KAB. PINRANG,PROV. SULAWESI SELATAN,"{""website"": ""-"", ""email"": ""akademikomunitasdewinatalia@gmail.com"", ""phone"": ""082350060002""}",-1,-1,-1,-1,-1,-1,-1,-1,-1,-1,-1
92,SEKOLAH TINGGI TEOLOGI YESTOYA MALANG,-1,Jalan Raya Badut No. 1-3Malang Jawa Timur,KAB. MALANG,PROV. JAWA TIMUR,"{""website"": ""sttyestoya.ac.id"", ""email"": ""sttyestoya@gmail.com"", ""phone"": ""0341-557873 / 0341-585379""}",-1,-1,-1,-1,-1,-1,-1,-1,-1,-1,-1
93,SEKOLAH TINGGI TEOLOGI INJILI INDONESIA PURWOKERTO,-1,Jalan Raya Kaliori 77 Kaliori-Banyumas  Jawa Tengah,TIDAK DIISI,PROV. JAWA TENGAH,"{""website"": ""sttiipurwokerto.ac.id"", ""email"": ""sttiipwt@gmail.com"", ""phone"": ""085229997238""}",5100000,5100000,5100000,10200000,10200000,10200000,-1,-1,-1,-1,-1
94,STAI KUALA KAPUAS  KALIMANTAN TENGAH,-1,Jl. Tambun Bungai No. 56,KAB. KAPUAS,PROV. KALIMANTAN TENGAH,"{""website"": ""https://www.staikualakapuas.ac.id"", ""email"": ""admin@staikualakapuas.ac.id"", ""phone"": ""051324699 / 051324699""}",1950000,1500000,2400000,3900000,3000000,4800000,-1,-1,-1,-1,-1
95,AKADEMI KESEHATAN GIGI DITKESAD JAKARTA,-1,Jln. Abdul Rahman saleh No.18  Jakarta Pusat,KOTA JAKARTA PUSAT,PROV. D.K.I. JAKARTA,"{""website"": ""www.akgpuskesad.ac.id"", ""email"": ""akgditkesad@gmail.com"", ""phone"": ""021-3447614 / 021-3447614""}",-1,-1,-1,-1,-1,-1,-1,-1,-1,-1,-1
96,AKADEMI SEKRETARIS DAN MANAJEMEN KENCANA BANDUNG,-1,Jl. Wastukencana No. 5C Kel. Babakan Ciamis Kec. Sumur Bandung,KOTA BANDUNG,PROV. JAWA BARAT,"{""website"": ""https://www.asmkencana.ac.id"", ""email"": ""info@asmkencana.ac.id"", ""phone"": ""25028987 / 25028987""}",4000000,4000000,4000000,8000000,8000000,8000000,-1,-1,-1,-1,-1
97,INSTITUT AGAMA KRISTEN NEGERI TARUTUNG,-1,-,KAB. TAPANULI UTARA,PROV. SUMATERA UTARA,"{""website"": ""https://www.iakntarutung.ac.id/"", ""email"": ""iakntarutung@gmail.com"", ""phone"": ""322060""}",7350000,700000,14000000,14700000,1400000,28000000,-1,-1,-1,-1,-1
98,STISIP MARGARANA,-1,Jalan Majapahit No 16 A,KAB. TABANAN,PROV. BALI,"{""website"": ""http://www.stisip-margarana.ac.id/"", ""email"": ""stisipmarga@gmail.com"", ""phone"": ""812035""}",3675000,3100000,4250000,7350000,6200000,8500000,-1,-1,-1,-1,-1
99,INSTITUT AGAMA ISLAM HASAN JUFRI BAWEAN,-1,Jalan Raya Kebunagung  Desa Lebak  Kecamatan Sangkapura,KAB. GRESIK,PROV. JAWA TIMUR,"{""website"": ""-"", ""email"": ""-"", ""phone"": """"}",-1,-1,-1,-1,-1,-1,-1,-1,-1,-1,-1
100,POLITEKNIK KRAKATAU,-1,Jl Sultan Ageng Tirtayasa 49 Komplek Bonakarta Blok B-7,KOTA CILEGON,PROV. BANTEN,"{""website"": ""www.polka.ac.id"", ""email"": ""politeknikrakatau@gmail.com"", ""phone"": ""0254-388-630 / 0254-388-312""}",3300000,500000,6100000,6600000,1000000,12200000,-1,-1,-1,-1,-1
101,UNIVERSITAS KRISTEN INDONESIA TOMOHON,-1,Jalan Raya Talete II Kampus II UKIT Kuranga,KOTA TOMOHON,PROV. SULAWESI UTARA,"{""website"": ""-"", ""email"": ""rektorat.ukit@gmail.com"", ""phone"": ""081343606077""}",15725000,50000,31400000,31450000,100000,62800000,-1,-1,-1,-1,-1
102,STKIP PGRI TULUNGAGUNG,-1,Jl Mayor Sujadi Timur No 7,KAB. TULUNGAGUNG,PROV. JAWA TIMUR,"{""website"": ""www.stkippgritulungagung.ac.id"", ""email"": ""info@stkippgritulungagung.ac.id"", ""phone"": ""0355-321426 / 0355-321426""}",-1,-1,-1,-1,-1,-1,-1,-1,-1,-1,-1
103,STKIP YAPIS DOMPU,-1,Jl Syech Muhammad Lingkar Utara Bali I,KAB. DOMPU,PROV. NUSA TENGGARA BARAT,"{""website"": ""http://stkipyapisdompu.ac.id"", ""email"": ""akademik@stkipyapisdompu.ac.id"", ""phone"": ""085237083899""}",-1,-1,-1,-1,-1,-1,-1,-1,-1,-1,-1
104,UNIVERSITAS MUHAMMADIYAH BREBES,-1,-,KAB. BREBES,PROV. JAWA TENGAH,"{""website"": ""umbs.ac.id"", ""email"": ""humas@stmikmpb.ac.id"", ""phone"": ""08112909939""}",3100000,2400000,3800000,6200000,4800000,7600000,-1,-1,-1,-1,-1
105,SEKOLAH TINGGI ILMU TARBIYAH ASSUNNIYAH TAMBARANGAN RANTAU TAPIN,-1,Jl. A. Yani KM 104 Tambarangan  RT. 09/RW 11 Kelurahan Tambarangan  Kecamatan Tapin Selatan  Kabupaten Tapin  Provinsi Kalimantan Selatan,KAB. TAPIN,PROV. KALIMANTAN SELATAN,"{""website"": ""stitastbr.ac.id"", ""email"": ""admin@stitastbr.ac.id"", ""phone"": ""081572034308 / 11111111111111""}",1200000,1200000,1200000,2400000,2400000,2400000,-1,-1,-1,-1,-1
106,POLITEKNIK KELAUTAN DAN PERIKANAN BITUNG,-1,Jalan Tandurusa Kotak Pos 12/BTG,KOTA BITUNG,PROV. SULAWESI UTARA,"{""website"": ""www.poltekkp-bitung.ac.id"", ""email"": ""politeknikkp_bitung@yahoo com"", ""phone"": ""0438 36434 / 0438 21436""}",100000,100000,100000,200000,200000,200000,-1,-1,-1,-1,-1
107,UNIVERSITAS ISLAM NEGERI SUNAN KALIJAGA,-1,Jalan Marsda Adisucipto No. 1,KAB. SLEMAN,PROV. D.I. YOGYAKARTA,"{""website"": ""www.uin-suka.ac.id"", ""email"": ""humas@uin-suka.ac.id"", ""phone"": ""589621 512474 / 586117""}",7525000,50000,15000000,15050000,100000,30000000,-1,-1,-1,-1,-1
108,POLITEKNIK MANUFAKTUR NEGERI BANGKA BELITUNG,-1,Jln. Timah Raya  Air Kantung Sungailiat Bangka,KAB. BANGKA,PROV. BANGKA BELITUNG,"{""website"": ""www.polman-babel.ac.id"", ""email"": ""polman@polman-babel.ac.id"", ""phone"": ""0717 93586 / 0717 93585""}",3250000,500000,6000000,6500000,1000000,12000000,-1,-1,-1,-1,-1
109,SEKOLAH TINGGI PENERBANGAN AVIASI,-1,Wisma Aldiron Dirgantara Jl Gatot Subroto No 72,KOTA JAKARTA SELATAN,PROV. D.K.I. JAKARTA,"{""website"": ""www.stp-aviasi.ac.id"", ""email"": ""sekretariat@stp-aviasi.ac.id"", ""phone"": """"}",3275000,700000,5850000,6550000,1400000,11700000,-1,-1,-1,-1,-1
110,POLITEKNIK KOTABARU,-1,Jalan Raya Stagen KM 9 5,KAB. KOTA BARU,PROV. KALIMANTAN SELATAN,"{""website"": ""poltekab.ac.id"", ""email"": ""politeknik.kotabaru@poltekab.ac.id"", ""phone"": ""0518-6076838 / 0518-6076838""}",3200000,2400000,4000000,6400000,4800000,8000000,-1,-1,-1,-1,-1
111,POLITEKNIK WILMAR BISNIS INDONESIA,-1,Jalan Batu Sihombing  Desa Medan Estate,KAB. DELI SERDANG,PROV. SUMATERA UTARA,"{""website"": ""http://wbi.ac.id/"", ""email"": ""humas@wbi.ac.id"", ""phone"": ""+626142074111 / +626180011100""}",1073741824,1,2147483647,2147483648,2,4294967294,-1,-1,-1,-1,-1
112,SEKOLAH TINGGI ILMU SYARIAH AL-SYAIKH ABDUL WAHID BAU-BAU,-1,Jl. Muh Husni Thamrin No. 55 Kelurahan Batangguru  Kecamatan Wolio  Kota Bau-Bau  Provinsi Sulawesi Tenggara,KOTA BAUBAU,PROV. SULAWESI TENGGARA,"{""website"": ""www.stis.saw.ac.id"", ""email"": ""stis.saw@gmail.com"", ""phone"": ""2821776""}",-1,-1,-1,-1,-1,-1,-1,-1,-1,-1,-1
113,INSTITUT AGAMA ISLAM KOTAMOBAGU,-1,Jl. Jhoni Suhodo No. 4  Kelurahan Kotobangon  Kecamatan Kotamobagu Timur  Kota Kotamobagu  Provinsi Sulawesi Utara,KOTA. KOTAMOBAGU,PROV. SULAWESI UTARA,"{""website"": ""www.iaik.ac.id"", ""email"": ""admin@iaik.ac.id"", ""phone"": ""+62812-4577-4675 / 0""}",1500000,1500000,1500000,3000000,3000000,3000000,-1,-1,-1,-1,-1
114,SEKOLAH TINGGI ILMU EKONOMI STUDI EKONOMI MODERN,-1,-,KAB. SUKOHARJO,PROV. JAWA TENGAH,"{""website"": ""http://stiestekom.ac.id/"", ""email"": ""stie@stekom.ac.id"", ""phone"": ""+62 813-8777-5758""}",16305000,750000,31860000,32610000,1500000,63720000,-1,-1,-1,-1,-1
115,SEKOLAH TINGGI AGAMA ISLAM TANBIHUL GHOFILIN BANJARNEGARA,-1,Jl. Raya Tampomas-Bawang KM. 07  Kabupaten Banjarnegara,KAB. BANJARNEGARA,PROV. JAWA TENGAH,"{""website"": ""staitangho.ac.id"", ""email"": ""staitangho@gmail.com"", ""phone"": """"}",-1,-1,-1,-1,-1,-1,-1,-1,-1,-1,-1
116,UNIVERSITAS MUHAMMADIYAH SAMPIT,-1,-,KAB. KOTAWARINGIN TIMUR,PROV. KALIMANTAN TENGAH,"{""website"": ""www.umsa.ac.id"", ""email"": ""umsa@umsa.ac.id / umsampit@gmail.com"", ""phone"": ""31141""}",3250000,2000000,4500000,6500000,4000000,9000000,-1,-1,-1,-1,-1
117,STAIN MALIKUSSALEH,-1,Jl. Medan-Banda Aceh Km. 275 no.1  Buket Rata  Lhokseumawe  Aceh,KOTA LHOKSEUMAWE,PROV. ACEH,"{""website"": ""www.stainmall.com"", ""email"": ""stainmal@kemenag.go.id"", ""phone"": ""064547267 / 064540329""}",-1,-1,-1,-1,-1,-1,-1,-1,-1,-1,-1
118,AKADEMI ANALIS KESEHATAN DELIMA HUSADA GRESIK,-1,Gresik,KAB. GRESIK,PROV. JAWA TIMUR,"{""website"": ""www.aakdelimahusadagresik.ac.id"", ""email"": ""aakdelimahusadagresik@gmail.com"", ""phone"": ""0313981918 / 0313978628""}",3852515,5030,7700000,7705030,10060,15400000,-1,-1,-1,-1,-1
119,UNIVERSITAS MUHAMMADIYAH AHMAD DAHLAN PALEMBANG,-1,-,KOTA PALEMBANG,PROV. SUMATERA SELATAN,"{""website"": ""um-ad.ac.id"", ""email"": ""hms.umadplg@gmail.com"", ""phone"": ""0711-516231  516233""}",8705000,1600000,15810000,17410000,3200000,31620000,-1,-1,-1,-1,-1
120,SEKOLAH TINGGI TEOLOGI TABGHA BATAM,-1,-,KOTA BATAM,PROV. KEPULAUAN RIAU,"{""website"": ""www.st3b.ac.id"", ""email"": ""st3b.adm@gmail.com"", ""phone"": ""0778467070 / 0778467070""}",1700000,400000,3000000,3400000,800000,6000000,-1,-1,-1,-1,-1
121,UNIVERSITAS KALTARA,-1,Jl. Sengkawit RT.023 Tanjung Selor  Kabupaten Bulungan Kalimantan Utara,KAB. BULUNGAN,PROV. KALIMANTAN UTARA,"{""website"": ""www.unikaltar.ac.id"", ""email"": ""univ.kaltara@gmail.com"", ""phone"": ""0552-23190 / 0552-23190""}",4200000,2400000,6000000,8400000,4800000,12000000,-1,-1,-1,-1,-1
122,STIKES AMANAH MAKASSAR,-1,Jl. Meranti Raya No. 1 Panakukang Makassar,KOTA MAKASSAR,PROV. SULAWESI SELATAN,"{""website"": ""stikesamanah-mks.ac.id"", ""email"": ""stikesamanahmks09@yahoo.com"", ""phone"": ""0411-422048 / 0411-422870""}",-1,-1,-1,-1,-1,-1,-1,-1,-1,-1,-1
123,SEKOLAH TINGGI TEKNIK ATLAS NUSANTARA,-1,Jalan Teluk Pacitan No 50 Arjosari Lantai 1,KOTA MALANG,PROV. JAWA TIMUR,"{""website"": ""www.sttar.ac.id"", ""email"": ""info@sttar.ac.id"", ""phone"": ""0341-475898 / 0341-475897""}",-1,-1,-1,-1,-1,-1,-1,-1,-1,-1,-1
124,AKADEMI PARIWISATA DAN PERHOTELAN GANESHA,-1,Jalan Teluk Mandar Tomol Pos 5  Arjosari -  Malang,KOTA MALANG,PROV. JAWA TIMUR,"{""website"": ""http://www.apartel-ganesha.ac.id"", ""email"": ""info@apartel-ganesha.ac.id"", ""phone"": ""0341-0000 / 0341-0000""}",-1,-1,-1,-1,-1,-1,-1,-1,-1,-1,-1
125,UNIVERSITAS ASAHAN,-1,Jalan Jenderal Ahmad Yani Asahan,KAB. ASAHAN,PROV. SUMATERA UTARA,"{""website"": ""una.ac.id"", ""email"": ""admin@una.ac.id"", ""phone"": ""-- / --""}",2500000,2500000,2500000,5000000,5000000,5000000,-1,-1,-1,-1,-1
126,UNIVERSITAS BINA SEHAT PPNI MOJOKERTO,-1,-,KAB. MOJOKERTO,PROV. JAWA TIMUR,"{""website"": ""-"", ""email"": ""-"", ""phone"": ""390203""}",8500000,4000000,13000000,17000000,8000000,26000000,-1,-1,-1,-1,-1
127,SEKOLAH TINGGI PARIWISATA BOGOR,-1,Jl. Curug Mekar No. 17 Yasmin,KOTA BOGOR,PROV. JAWA BARAT,"{""website"": ""www.stpbogor.ac.id"", ""email"": ""lpmi@stpbogor.ac.id"", ""phone"": ""0251-7534343 / 0251-7534513""}",6075000,2400000,9750000,12150000,4800000,19500000,-1,-1,-1,-1,-1
128,INSTITUT AGAMA ISLAM MIFTAHUL ULUM LUMAJANG,-1,Jalan Raya Lumajang-Jember Nomor 1984  Krajan 1  Banyu Putih Kidul  Kecamatan Jatiroto,KAB. LUMAJANG,PROV. JAWA TIMUR,"{""website"": ""iaimlumajang.ac.id"", ""email"": ""info@iaimlumajang.ac.id"", ""phone"": ""0334-8797454""}",-1,-1,-1,-1,-1,-1,-1,-1,-1,-1,-1
129,SEKOLAH TINGGI ILMU KESEHATAN KENDEDES,-1,Malang,KOTA MALANG,PROV. JAWA TIMUR,"{""website"": ""www.stikeskendedes.ac.id"", ""email"": ""stikeskendedesmalang@gmail.com"", ""phone"": ""0341 488762 / 0341 488763""}",6600000,200000,13000000,13200000,400000,26000000,-1,-1,-1,-1,-1
130,AKADEMIK KEBIDANAN ARMINA CENTRE PANYABUNGAN,-1,Jalan William Iskandar 176,KAB. MANDAILING NATAL,PROV. SUMATERA UTARA,"{""website"": ""http://akbidarminacentre.ac.id"", ""email"": ""arminacentrepybakbid@gmail.com"", ""phone"": ""0636-321716 / 0636-321236""}",2650000,1300000,4000000,5300000,2600000,8000000,-1,-1,-1,-1,-1
131,SEKOLAH TINGGI EKONOMI DAN BISNIS ISLAMMUHAMMADIYAH SUMEDANG,-1,-,KAB. SUMEDANG,PROV. JAWA BARAT,"{""website"": ""www.stebismu-sumedang.ac.id"", ""email"": ""stebismu@gmail.com"", ""phone"": ""085294924229""}",3145000,3145000,3145000,6290000,6290000,6290000,-1,-1,-1,-1,-1
132,UNIVERSITAS NAHDLATUL ULAMA KALIMANTAN SELATAN,-1,Jl. Ahmad Yani Km. 12.5,KAB. BANJAR,PROV. KALIMANTAN SELATAN,"{""website"": ""www.unukase.ac.id"", ""email"": ""unu.kalsel@gmail.com"", ""phone"": ""0511 5511701""}",3875000,1750000,6000000,7750000,3500000,12000000,-1,-1,-1,-1,-1
133,INSTITUT TEKNOLOGI INDONESIA,-1,Jalan Raya Puspiptek Serpong,KOTA TANGERANG SELATAN,PROV. BANTEN,"{""website"": ""https://iti.ac.id"", ""email"": ""humas@iti.ac.id"", ""phone"": ""021-7560545 / 021-7560542""}",6200000,4000000,8400000,12400000,8000000,16800000,-1,-1,-1,-1,-1
134,SEKOLAH TINGGI ILMU ADMINISTRASI SATYA NEGARA,-1,Jalan Sukarejo Sukatani,KOTA PALEMBANG,PROV. SUMATERA SELATAN,"{""website"": ""stiasatyanegara.ac.id"", ""email"": ""satyanegerapalembang@yahoo.co.id"", ""phone"": ""0711-826043 / 0711-826043""}",3200000,2400000,4000000,6400000,4800000,8000000,-1,-1,-1,-1,-1
135,STEBI GLOBAL MULIA CIKARANG,-1,-,KAB. BEKASI,PROV. JAWA BARAT,"{""website"": ""www.globalmulia.ac.id"", ""email"": ""stebi@globalmulia.ac.id"", ""phone"": ""02189323055""}",3200000,3200000,3200000,6400000,6400000,6400000,-1,-1,-1,-1,-1
136,SEKOLAH TINGGI GURU HURIA HKBP SIPOHOLON,-1,-,KAB. TAPANULI UTARA,PROV. SUMATERA UTARA,"{""website"": ""https://stghhkbp.ac.id"", ""email"": ""stghhkbp01@gmail.com"", ""phone"": ""081262576110 / 063321596""}",4000000,4000000,4000000,8000000,8000000,8000000,-1,-1,-1,-1,-1
137,UNIVERSITAS MUHAMMADIYAH KOTABUMI,-1,Jln. Hasan Kepala Ratu No. 1052 Sindangsari Kotabumi  Lampung Utara 34517,KAB. LAMPUNG UTARA,PROV. LAMPUNG,"{""website"": ""https://www.umko.ac.id"", ""email"": ""humas@umko.ac.id"", ""phone"": ""+6272422287 / +6272422287""}",5975000,100000,11850000,11950000,200000,23700000,-1,-1,-1,-1,-1
138,STAI SYARIF MUHAMMAD RAHA  MUNA  SULAWESI TENGGARA,-1,Jl. Pendidikan Kel. Raha III Kec. Katobu,KAB. MUNA,PROV. SULAWESI TENGGARA,"{""website"": ""http://staisyarifmuhammad.ac.id"", ""email"": ""stais_raha@yahoo.co.id"", ""phone"": ""04032522586 / 04032522586""}",1150000,300000,2000000,2300000,600000,4000000,-1,-1,-1,-1,-1
139,AKADEMI AKUNTANSI YAI JAKARTA,-1,Jl. P. Diponegoro No 74 Jakarta Pusat,KOTA JAKARTA PUSAT,PROV. D.K.I. JAKARTA,"{""website"": ""www.yai.ac.id"", ""email"": ""webmail@yai.ac.id"", ""phone"": ""3928075 / 3914591""}",6862500,6825000,6900000,13725000,13650000,13800000,-1,-1,-1,-1,-1
140,SEKOLAH TINGGI PENYULUHAN PERTANIAN GOWA,-1,Jl. Malino KM. 7 Romanglompoa Kab. Gowa Provinsi Sulawesi Selatan,KAB. GOWA,PROV. SULAWESI SELATAN,"{""website"": ""www.stppgowa.ac.id"", ""email"": ""stpp@stppgowa.ac.id"", ""phone"": ""0411-861127 / 0411-861127/8210117""}",-1,-1,-1,-1,-1,-1,-1,-1,-1,-1,-1
141,UNIVERSITAS POTENSI UTAMA,-1,Jl. K.L. Yos Sudarso Km 6 5 No. 3A Tanjung Mulia - Medan,KOTA MEDAN,PROV. SUMATERA UTARA,"{""website"": ""www.potensi-utama.ac.id"", ""email"": ""info@potensi-utama.ac.id"", ""phone"": ""061-6640525 / 061-6636830""}",5162500,350000,9975000,10325000,700000,19950000,-1,-1,-1,-1,-1
142,SEKOLAH TINGGI ILMU KESEHATAN BHAKTI HUSADA BENGKULU,-1,Jalan Kinibalu 8 Kebun Tebeng Bengkulu,KOTA BENGKULU,PROV. BENGKULU,"{""website"": ""stikesbhaktihusada.ac.id"", ""email"": ""stikesbh03@gmail.com"", ""phone"": ""0736-23422 / 0736-23422""}",2200000,400000,4000000,4400000,800000,8000000,-1,-1,-1,-1,-1
143,UNIVERSITAS KATOLIK DE LA SALLE,-1,Kairagi I Kombos Manado  Sulawesi Utara,KOTA MANADO,PROV. SULAWESI UTARA,"{""website"": ""https://unikadelasalle.ac.id"", ""email"": ""info@unikadelasalle.ac.id"", ""phone"": ""081143901500""}",9635000,15000,19255000,19270000,30000,38510000,-1,-1,-1,-1,-1
144,STI EKONOMI SYARI`AH BAKTIYA ACEH UTARA,-1,Jln. Blang Glumpang  Gampong Alue Serdang  Kecamatan Baktiya  Kabupaten Aceh Utara,KAB. ACEH UTARA,PROV. ACEH,"{""website"": ""sties-baktiya.ac.id"", ""email"": ""sties_baktiya@yahoo.com"", ""phone"": ""0852 6031 7375""}",800000,800000,800000,1600000,1600000,1600000,-1,-1,-1,-1,-1
145,AKADEMI MANAJEMEN BISNIS KENDARI,-1,-,KOTA KENDARI,PROV. SULAWESI TENGGARA,"{""website"": ""www.ambkendari.ac.id"", ""email"": ""amb.kdi001@gmail.com"", ""phone"": """"}",-1,-1,-1,-1,-1,-1,-1,-1,-1,-1,-1
146,UNIVERSITAS MUHAMMADIYAH METRO,-1,Jl Ki Hajar Dewantara No 116 Iringmulyo Kec Metro Timur,KOTA METRO,PROV. LAMPUNG,"{""website"": ""www.ummetro.ac.id"", ""email"": ""info@ummetro.ac.id"", ""phone"": ""42445-42454 / 42445""}",24057500,1,48115000,48115001,2,96230000,-1,-1,-1,-1,-1
147,POLITEKNIK BELITUNG,-1,-,KAB. BELITUNG,PROV. BANGKA BELITUNG,"{""website"": ""polbel.ac.id"", ""email"": ""polbel21@gmail.com"", ""phone"": ""0719 - 24970""}",3775000,2400000,5150000,7550000,4800000,10300000,-1,-1,-1,-1,-1
148,STIT DINIYYAH PUTERI RAHMAH EL-YUNUSIYYAH KOTA PADANG PANJANG,-1,Jl. Abdul Hamid Hakim  No. 30. Padang Panjang  Sumatera Barat,KOTA PADANG PANJANG,PROV. SUMATERA BARAT,"{""website"": ""http://www.stit-diniyyahputeri.ac.id"", ""email"": ""stitdinput@yahoo.co.id"", ""phone"": ""83554 / 84594""}",-1,-1,-1,-1,-1,-1,-1,-1,-1,-1,-1
149,STT TABERNAKEL INDONESIA SURABAYA,-1,Jl. JOHOR No. 47,KOTA SURABAYA,PROV. JAWA TIMUR,"{""website"": ""www.sttia.ac.id"", ""email"": ""info@sttia.ac.id"", ""phone"": ""0313557045 / 0313521298""}",150000,100000,200000,300000,200000,400000,-1,-1,-1,-1,-1
150,SEKOLAH TINGGI ILMU KESEHATAN PATRIOT BANGSA LAMPUNG,-1,-,KOTA BANDAR LAMPUNG,PROV. LAMPUNG,"{""website"": ""https://stikes.patriotbangsa.ac.id/"", ""email"": ""stikespatriotbangsalampung@gmail.com"", ""phone"": """"}",5500000,5500000,5500000,11000000,11000000,11000000,-1,-1,-1,-1,-1
151,POLTEKKES KEMENKES TASIKMALAYA,-1,Jl. Cilolohan No. 35 Tasikmalaya,KOTA TASIKMALAYA,PROV. JAWA BARAT,"{""website"": ""www.poltekkestasikmalaya.ac.id"", ""email"": ""direktorat@poltekkestasikmalaya.ac.id"", ""phone"": ""0265 - 340186 / 0265 - 338939""}",4200000,400000,8000000,8400000,800000,16000000,-1,-1,-1,-1,-1
152,SEKOLAH TINGGI ILMU EKONOMI PARIPURNA,-1,-,KOTA DEPOK,PROV. JAWA BARAT,"{""website"": ""www.stieparipurna.ac.id"", ""email"": ""stieparipurna15@gmail.com"", ""phone"": ""088213272135 / 021 - 29445514""}",2250000,500000,4000000,4500000,1000000,8000000,-1,-1,-1,-1,-1
153,SEKOLAH TINGGI ILMU EKONOMI KBP,-1,Jalan Khatib Sulaiman No 61,KOTA PADANG,PROV. SUMATERA BARAT,"{""website"": ""http://www.akbpstie.ac.id/"", ""email"": ""ppmkbp@gmail.com"", ""phone"": ""0751-51398 / 0751-55450""}",5000000,3000000,7000000,10000000,6000000,14000000,-1,-1,-1,-1,-1
154,POLITEKNIK INDUSTRI FURNITUR DAN PENGOLAHAN KAYU,-1,-,KAB. KENDAL,PROV. JAWA TENGAH,"{""website"": ""poltek-furnitur.ac.id"", ""email"": ""humas@poltek-furnitur.ac.id"", ""phone"": ""0294 3692732""}",2200000,2200000,2200000,4400000,4400000,4400000,-1,-1,-1,-1,-1
155,UNIVERSITAS GALUH,-1,Jalan R.E. Martadinata No. 150,KAB. CIAMIS,PROV. JAWA BARAT,"{""website"": ""https://unigal.ac.id/"", ""email"": ""info@unigal.ac.id"", ""phone"": ""776787 / 776787""}",6000000,1500000,10500000,12000000,3000000,21000000,-1,-1,-1,-1,-1
156,POLITEKNIK JAMBI,-1,Jalan Lingkar Barat III Lrg Veteran Kelurahan Bagan Bete Kecamatan Kotabaru Jamb,KOTA JAMBI,PROV. JAMBI,"{""website"": ""www.politeknikjambi.ac.id"", ""email"": ""info@politeknikjambi.ac.id"", ""phone"": ""0741-5917477 / 0741-581505""}",6238500,1700000,10777000,12477000,3400000,21554000,-1,-1,-1,-1,-1
157,SEKOLAH TINGGI AGAMA HINDU NEGERI JAWA DWIPA KLATEN JAWA TENGAH,-1,-,KAB. KLATEN,PROV. JAWA TENGAH,"{""website"": ""-"", ""email"": ""info@stahnjapa.ac.id"", ""phone"": ""3393936""}",900000,600000,1200000,1800000,1200000,2400000,-1,-1,-1,-1,-1
158,INSTITUT ISLAM NAHDLATUL ULAMA TEMANGGUNG,-1,-,KAB. TEMANGGUNG,PROV. JAWA TENGAH,"{""website"": ""inisnu.ac.id"", ""email"": ""inisnu@gmail.com"", ""phone"": ""0293 4962963""}",5550001,2,11100000,11100002,4,22200000,-1,-1,-1,-1,-1
159,STAI AL-HAMIDIYAH BANGKALAN,-1,Jl. Raya KH. Zarkasyi No. 74 Sen-Asen Konang   69175 Bangkalan,KAB. BANGKALAN,PROV. JAWA TIMUR,"{""website"": ""alhamidiyah.ac.id"", ""email"": ""info@alhamidiyah.ac.id"", ""phone"": ""085257756064 / 031-81996633""}",-1,-1,-1,-1,-1,-1,-1,-1,-1,-1,-1
160,SEKOLAH TINGGI ILMU AGAMA BUDDHA JINARAKKHITA,-1,Jl. Raya Suban No. 86  Kel. Pidada  Kec. Panjang Bandar Lampung 35241,KOTA BANDAR LAMPUNG,PROV. LAMPUNG,"{""website"": ""https://stiab-jinarakkhita.ac.id/"", ""email"": ""kampus@stiab-jinarakkhita.ac.id"", ""phone"": ""082139114444 / +62721781263""}",2900000,2900000,2900000,5800000,5800000,5800000,-1,-1,-1,-1,-1
161,UNIVERSITAS KARYA HUSADA SEMARANG,-1,-,KOTA SEMARANG,PROV. JAWA TENGAH,"{""website"": ""www.unkaha.ac.id"", ""email"": ""info@unkaha.ac.id"", ""phone"": ""024 6724581 / 024 6724581""}",7000000,3000000,11000000,14000000,6000000,22000000,-1,-1,-1,-1,-1
162,AKADEMI KEPERAWATAN DR. SOEDONO MADIUN PROV. JAWA TIMUR,-1,Jl.Imam Bonjol No.1 Madiun,KOTA MADIUN,PROV. JAWA TIMUR,"{""website"": ""http://www.akpermadiun.ac.id"", ""email"": ""akpermadiun@gmail.com"", ""phone"": ""0351-463310 / 0351-491702""}",-1,-1,-1,-1,-1,-1,-1,-1,-1,-1,-1
163,STMIK PGRI TANGERANG,-1,Jalan Perintis Kemerdekaan II Cikokol,KOTA TANGERANG,PROV. BANTEN,"{""website"": ""www.pgri-tng.ac.id"", ""email"": ""stmik@pgri.id"", ""phone"": ""021-5523052 / 021-55795777""}",2400000,2400000,2400000,4800000,4800000,4800000,-1,-1,-1,-1,-1
164,SEKOLAH TINGGI ILMU AL-QUR'AN ASH-SHIDDIQ,-1,Jalan Hidayatullah  DUsun II  Desa Bandar Labuhan  Kecamatan Tanjung Morawa,KAB. DELI SERDANG,PROV. SUMATERA UTARA,"{""website"": ""-"", ""email"": ""-"", ""phone"": """"}",800000,800000,800000,1600000,1600000,1600000,-1,-1,-1,-1,-1
165,AKADEMI PERTANIAN HKTI BANYUMAS,-1,Jalan Raya Purwokerto Km 12 Kalibagor,KAB. BANYUMAS,PROV. JAWA TENGAH,"{""website"": """", ""email"": ""aktan_hkti@yahoo.com"", ""phone"": ""08156974743""}",-1,-1,-1,-1,-1,-1,-1,-1,-1,-1,-1
166,POLTEKKES KEMENKES MANADO,-1,Jl. R. W. Mongisidi Malalayang II Manado,KOTA MANADO,PROV. SULAWESI UTARA,"{""website"": ""poltekkes-manado.ac.id"", ""email"": ""direktorat@poltekkesmanado.ac.id"", ""phone"": ""0431-833773; 833774 / 0431-834310""}",7050000,400000,13700000,14100000,800000,27400000,-1,-1,-1,-1,-1
167,SEKOLAH TINGGI ILMU EKONOMI TAMAN SISWA,-1,Jalan Garuda No 44  Kemayoran,KOTA JAKARTA PUSAT,PROV. D.K.I. JAKARTA,"{""website"": """", ""email"": ""stietamsisjakarta@yahoo.com"", ""phone"": ""021 4265630 / 021 42884122""}",2400000,2400000,2400000,4800000,4800000,4800000,-1,-1,-1,-1,-1
168,AKADEMI PIMPINAN PERUSAHAAN,-1,Jl. Timbul No. 34 Kelurahan Cipedak Kecamatan Jagakarsa Jakarta Selatan,KOTA JAKARTA SELATAN,PROV. D.K.I. JAKARTA,"{""website"": ""app-jakarta.ac.id"", ""email"": ""akademik@app-jakarta.ac.id"", ""phone"": ""0217270215 / 0217271847""}",-1,-1,-1,-1,-1,-1,-1,-1,-1,-1,-1
169,AKADEMI TEKNIK INDUSTRI MAKASSAR,-1,Jl. Sunu No. 220,KOTA MAKASSAR,PROV. SULAWESI SELATAN,"{""website"": ""www.atim.ac.id"", ""email"": ""tika_mks@yahoo.com"", ""phone"": ""0411449609 / 0411449867""}",-1,-1,-1,-1,-1,-1,-1,-1,-1,-1,-1
170,POLITEKNIK PERIKANAN NEGERI TUAL,-1,Jalan Langgur-Sathean Km. 6,KAB. MALUKU TENGGARA,PROV. MALUKU,"{""website"": ""www.polikant.ac.id"", ""email"": ""sekretariat@polikant.ac.id"", ""phone"": ""091621377 / 091621377""}",-1,-1,-1,-1,-1,-1,-1,-1,-1,-1,-1
171,UNIVERSITAS SULBAR MANARANG,-1,-,KAB. MAMUJU,PROV. SULAWESI BARAT,"{""website"": ""-"", ""email"": ""-"", ""phone"": """"}",-1,-1,-1,-1,-1,-1,-1,-1,-1,-1,-1
172,SEKOLAH TINGGI AGAMA KATOLIK NEGERI PONTIANAK,-1,Jl. Parit Haji Muksin 2  KM 2 Kubu Raya,KAB. KUBURAYA,PROV. KALIMANTAN BARAT,"{""website"": ""https://www.stakatnpontianak.ac.id/"", ""email"": ""admin@stakatnpontianak.ac.id"", ""phone"": ""6710424""}",1550000,600000,2500000,3100000,1200000,5000000,-1,-1,-1,-1,-1
173,SEKOLAH TINGGI TEOLOGI INALTA,-1,Jl. Rempoa Permai No. 1-2  Bintaro  Pesanggrahan  Jakarta Selatan.,KOTA JAKARTA SELATAN,PROV. D.K.I. JAKARTA,"{""website"": """", ""email"": ""stt_inalta@yahoo.com"", ""phone"": ""02127934798""}",350000,300000,400000,700000,600000,800000,-1,-1,-1,-1,-1
174,SEKOLAH TINGGI TEOLOGI AGAPE MANADO,-1,Gedung Percetakan Negara  Jl. Lumimuut No. 2 Tikala Manado,KOTA MANADO,PROV. SULAWESI UTARA,"{""website"": """", ""email"": ""sttagapemanado@gmail.com"", ""phone"": ""085240556091""}",-1,-1,-1,-1,-1,-1,-1,-1,-1,-1,-1
175,UNIVERSITAS MUHAMMADIYAH JEMBER,-1,Jalan Karimata No 49,KAB. JEMBER,PROV. JAWA TIMUR,"{""website"": ""www.unmuhjember.ac.id"", ""email"": ""kantorpusat@unmuhjember.ac.id"", ""phone"": ""336728 / 337957""}",23430100,200,46860000,46860200,400,93720000,-1,-1,-1,-1,-1
176,UNIVERSITAS PRADITA,-1,Scienta Busines Park  Jl. gading Serpong Boulevard No.1 Curug Tangerang  Kelapa Dua  Tangerang Banten 15810,KAB. TANGERANG,PROV. BANTEN,"{""website"": ""www.pradita.ac.id"", ""email"": ""info@pradita.ac.id"", ""phone"": ""55689999""}",-1,-1,-1,-1,-1,-1,-1,-1,-1,-1,-1
177,UNIVERSITAS BRAWIJAYA,-1,Jalan Veteran,KOTA MALANG,PROV. JAWA TIMUR,"{""website"": ""www.ub.ac.id"", ""email"": ""rektorat@ub.ac.id"", ""phone"": ""0341-551611 / 0341-565420""}",36750000,1,73500000,73500001,2,147000000,-1,-1,-1,-1,-1
178,AKADEMI TEKNIK RADIODIAGNOSTIK DAN RADIOTERAPI PERSADA NUSANTARA BEKASI,-1,-,KOTA BEKASI,PROV. JAWA BARAT,"{""website"": ""-"", ""email"": ""-"", ""phone"": """"}",4750000,4500000,5000000,9500000,9000000,10000000,-1,-1,-1,-1,-1
179,STAI BABUNNAJAH PANDEGLANG  BANTEN,-1,Jl. Eks Stasiun Kereta Api Kp. Benteng Cimanying   Menes Pandeglang Banten,KAB. PANDEGLANG,PROV. BANTEN,"{""website"": ""stai.babunnajah.ac.id"", ""email"": ""staibabunnajah@gmail.com"", ""phone"": ""083813451618 / 0253-501675""}",-1,-1,-1,-1,-1,-1,-1,-1,-1,-1,-1
180,INSTITUT TEKNOLOGI DAN BISNIS ARUNGPALAKKA,-1,-,KAB. BONE,PROV. SULAWESI SELATAN,"{""website"": ""https://itbarungpalakka.ac.id/"", ""email"": ""itbapbone@gmail.com"", ""phone"": ""082258079671""}",2700000,2400000,3000000,5400000,4800000,6000000,-1,-1,-1,-1,-1
181,UNIVERSITAS ISLAM LAMONGAN,-1,Jalan Veteran 53A Lamongan Jawa Timur,KAB. LAMONGAN,PROV. JAWA TIMUR,"{""website"": ""www.unisla.ac.id"", ""email"": ""info@unisla.ac.id"", ""phone"": ""0322-324706  322158 / 0322-324706  324707""}",3750000,2500000,5000000,7500000,5000000,10000000,-1,-1,-1,-1,-1
182,POLITEKNIK SENI YOGYAKARTA,-1,Klidon Sukoharjo Ngaglik Sleman,KAB. SLEMAN,PROV. D.I. YOGYAKARTA,"{""website"": ""www.poliseni.ac.id"", ""email"": ""poliseniyogyakarta@gamil.com"", ""phone"": ""0274-4464892 / 0274-4464892""}",-1,-1,-1,-1,-1,-1,-1,-1,-1,-1,-1
183,AKADEMI KEPERAWATAN TEUNGKU FAKINAH BANDA ACEH,-1,Jalan Jenderal Sudirman No 27-29 Banda Aceh,KOTA BANDA ACEH,PROV. ACEH,"{""website"": ""http://www.akpertgkfakinah.ac.id"", ""email"": ""akper_fakinah@yahoo.com ; akperfakinah@gmail.com"", ""phone"": ""0651-46245  46243 / 0651-46243""}",3000000,3000000,3000000,6000000,6000000,6000000,-1,-1,-1,-1,-1
184,POLITEKNIK PALOPO,-1,-,KOTA PALOPO,PROV. SULAWESI SELATAN,"{""website"": ""-"", ""email"": ""poltekpalopo@gmail.com"", ""phone"": """"}",-1,-1,-1,-1,-1,-1,-1,-1,-1,-1,-1
185,SEKOLAH TINGGI BAHASA ASING PRAYOGA,-1,Jalan Veteran No 8 Padang Sumbar,KOTA PADANG,PROV. SUMATERA BARAT,"{""website"": ""www.stba-prayoga.ac.id"", ""email"": ""info@stba-prayoga.ac.id"", ""phone"": ""085830305317 / 0751-31717""}",2575000,150000,5000000,5150000,300000,10000000,-1,-1,-1,-1,-1
186,UNIVERSITAS AL-QOLAM MALANG,-1,Jalan Raya Putat Lor RT. 11  RW. 02. Desa Putat Lor  Kecamatan Gondanglegi,KAB. MALANG,PROV. JAWA TIMUR,"{""website"": ""https://www.alqolam.ac.id/"", ""email"": ""info@alqolam.ac.id"", ""phone"": ""0341878661""}",-1,-1,-1,-1,-1,-1,-1,-1,-1,-1,-1
187,UNIVERSITAS SAINS DAN TEKNOLOGI JAYAPURA,-1,Jl Raya Sentani Padang Bulan Abepura  Jayapura - Papua,KOTA JAYAPURA,PROV. PAPUA,"{""website"": ""https://ustj.ac.id"", ""email"": ""ustj.papua21@gmail.com"", ""phone"": ""0967-581659; 582449 / 0967-582550""}",5250000,3700000,6800000,10500000,7400000,13600000,-1,-1,-1,-1,-1
188,POLITEKNIK META INDUSTRI CIKARANG,-1,Jalan Inti I Blok C1 No. 7  Lippo Cikarang  Cikarang Bekasi,KAB. BEKASI,PROV. JAWA BARAT,"{""website"": ""www.politeknikmeta.ac.id"", ""email"": ""info@politeknikmeta.ac.id"", ""phone"": ""02189902403 / 02189902404""}",-1,-1,-1,-1,-1,-1,-1,-1,-1,-1,-1
189,POLITEKNIK MALINAU,-1,Malinau,KAB. MALINAU,PROV. KALIMANTAN UTARA,"{""website"": ""Politeknikmalinau.ac.id"", ""email"": ""poltek_malinau@yahoo.com"", ""phone"": ""0553-2022085 / 0553-2022085""}",2400000,2400000,2400000,4800000,4800000,4800000,-1,-1,-1,-1,-1
190,SEKOLAH TINGGI ILMU MARITIM AMI,-1,Jl Pacuan Kuda No 1-5 Pulomas  Jakarta Timur,KOTA JAKARTA TIMUR,PROV. D.K.I. JAKARTA,"{""website"": ""www.stimar.ac.id"", ""email"": ""info@stimar.ac.id"", ""phone"": ""021-4754729 / 021-47861144""}",-1,-1,-1,-1,-1,-1,-1,-1,-1,-1,-1
191,SEKOLAH TINGGI BAHASA ASING CAKRAWALA NUSANTARA,-1,Jalan Bunga Jati No 88 Oesapa  Kelapa Lima,KOTA KUPANG,PROV. NUSA TENGGARA TIMUR,"{""website"": ""www.stibacnk.blogspot.com"", ""email"": ""stiba_cnkupang@yahoo.com"", ""phone"": ""0380-8586177 / 0380 - 8586177""}",-1,-1,-1,-1,-1,-1,-1,-1,-1,-1,-1
192,POLITEKNIK WAHDAH ISLAMIYAH MAKASSAR,-1,-,KOTA MAKASSAR,PROV. SULAWESI SELATAN,"{""website"": ""-"", ""email"": ""-"", ""phone"": """"}",-1,-1,-1,-1,-1,-1,-1,-1,-1,-1,-1
193,STIKES WIJAYA HUSADA BOGOR,-1,Jl Raya Sindang Barang KM 86,KOTA BOGOR,PROV. JAWA BARAT,"{""website"": """", ""email"": ""wijayahusada@gmail.com"", ""phone"": ""0251-8327396""}",1,1,1,2,2,2,-1,-1,-1,-1,-1
194,SEKOLAH TINGGI ILMU EKONOMI MIFTAHUL HUDA,-1,Jalan Rancasari Dalam No B-33 Pamanukan,KAB. SUBANG,PROV. JAWA BARAT,"{""website"": ""www.stiemifdasubang.ac.id"", ""email"": ""mail@stiemifdasubang.ac.id"", ""phone"": ""081312360839""}",2950000,2900000,3000000,5900000,5800000,6000000,-1,-1,-1,-1,-1
195,AKADEMI KEBIDANAN AR-RAHMA,-1,Jalan Raya Carat Gempol,KAB. PASURUAN,PROV. JAWA TIMUR,"{""website"": ""www.akbidarrahma.ac.id"", ""email"": ""mail@akbidarrahma.ac.id"", ""phone"": ""0343857067 / 0343857067""}",-1,-1,-1,-1,-1,-1,-1,-1,-1,-1,-1
196,SEKOLAH TINGGI ILMU KEHUTANAN PANTE KULU,-1,Jalan Teuku Nyak Arief Darussalam,KOTA BANDA ACEH,PROV. ACEH,"{""website"": ""https://stikpantekulu.ac.id"", ""email"": ""official@stikpantekulu.ac.id"", ""phone"": ""081366660845""}",2400000,1800000,3000000,4800000,3600000,6000000,-1,-1,-1,-1,-1
197,STIKES PAMENANG,-1,-,KAB. KEDIRI,PROV. JAWA TIMUR,"{""website"": ""www.stikespamenang.ac.id"", ""email"": ""stikespamenang@gmail.com"", ""phone"": ""399840""}",4000000,2000000,6000000,8000000,4000000,12000000,-1,-1,-1,-1,-1
198,INSTITUT BIO SCIENTIA INTERNASIONAL INDONESIA,-1,Jl. Pulomas Barat Kav 88,KOTA JAKARTA TIMUR,PROV. D.K.I. JAKARTA,"{""website"": ""www.i3L.ac.id"", ""email"": ""operations@i3l.ac.id"", ""phone"": ""021-29567899 / 021-29617296""}",25750000,2500000,49000000,51500000,5000000,98000000,-1,-1,-1,-1,-1
199,AKADEMI KEBIDANAN BUNGA BANGSAKU BANGKA,-1,-,KAB. OGAN KOMERING ILIR,PROV. SUMATERA SELATAN,"{""website"": ""akbid-bungabangsakubangka.ac.id"", ""email"": ""akbidbbb@gmail.com"", ""phone"": ""081 / 07174256437""}",3300000,600000,6000000,6600000,1200000,12000000,-1,-1,-1,-1,-1
200,INSTITUT STUDI ISLAM AL-AMIN INDRAMAYU,-1,Jalan PU Kemped Wirakanan  Kecamatan Kandanghaur,KAB. INDRAMAYU,PROV. JAWA BARAT,"{""website"": ""-"", ""email"": ""-"", ""phone"": """"}",-1,-1,-1,-1,-1,-1,-1,-1,-1,-1,-1
201,SEKOLAH TINGGI EKONOMI ISLAM FITRAH INSANI,-1,Jalan Raya Gadobangkong Nomor 91 RT 002 RW 001  Desa Gadobangkong  Kecamatan Ngamprah,KAB. BANDUNG BARAT,PROV. JAWA BARAT,"{""website"": ""www.steifitrahinsani.ac.id"", ""email"": ""steifithrahinsani01@gmail.com"", ""phone"": ""022252391173 / 022252391173""}",2200000,2200000,2200000,4400000,4400000,4400000,-1,-1,-1,-1,-1
202,POLITEKNIK NEGERI KETAPANG,-1,Jalan Rangge Sentap  Desa Dalong  Kecamatan Delta Pawan,KAB. KETAPANG,PROV. KALIMANTAN BARAT,"{""website"": ""politap.ac.id"", ""email"": ""humas@politap.ac.id"", ""phone"": ""0534-3030686""}",2250000,500000,4000000,4500000,1000000,8000000,-1,-1,-1,-1,-1
203,POLTEKKES KEMENKES PALANGKARAYA,-1,Jalan George Obos No. 30 / 32,KOTA PALANGKA RAYA,PROV. KALIMANTAN TENGAH,"{""website"": ""polkesraya.ac.id"", ""email"": ""direktorat@polkesraya.ac.id"", ""phone"": ""0536-3221768 / 0536-3221768""}",5167500,2400000,7935000,10335000,4800000,15870000,-1,-1,-1,-1,-1
204,SEKOLAH TINGGI ALKITAB JEMBER,-1,Jl. Letjen Soeprapto Gg. VI/85 Jember Jatim,KAB. JEMBER,PROV. JAWA TIMUR,"{""website"": """", ""email"": ""stajember@rocketmail.com"", ""phone"": ""0331-332842""}",-1,-1,-1,-1,-1,-1,-1,-1,-1,-1,-1
205,AKADEMI KOMUNITAS DARUSSALAM BLOKAGUNG,-1,-,KAB. BANYUWANGI,PROV. JAWA TIMUR,"{""website"": ""http://www.akd.ac.id"", ""email"": ""info@akd.ac.id"", ""phone"": ""081336492029""}",3030000,3030000,3030000,6060000,6060000,6060000,-1,-1,-1,-1,-1
206,INSTITUT AGAMA ISLAM K.H. SUFYAN TSAURI MAJENANG,-1,Jalan KH. Sufyan Tsauri Desa Cibeunying  Kecamatan Majenang,KAB. CILACAP,PROV. JAWA TENGAH,"{""website"": ""insima.ac.id"", ""email"": ""info@insima.ac.id"", ""phone"": ""02807110011""}",1200001,3,2400000,2400003,6,4800000,-1,-1,-1,-1,-1
207,UNIVERSITAS PANCA MARGA,-1,Jl Yos Sudarso Pabean Dringu,KAB. PROBOLINGGO,PROV. JAWA TIMUR,"{""website"": ""www.upm.ac.id"", ""email"": ""baak@upm.ac.id"", ""phone"": ""+62 335 422715 / +62 335 427923""}",2775000,2350000,3200000,5550000,4700000,6400000,-1,-1,-1,-1,-1
208,UNIVERSITAS DR. DJAR WATTIHELUW,-1,-,KAB. MALUKU TENGAH,PROV. MALUKU,"{""website"": ""-"", ""email"": ""-"", ""phone"": """"}",2200000,2000000,2400000,4400000,4000000,4800000,-1,-1,-1,-1,-1
209,POLITEKNIK PEKERJAAN UMUM,-1,-,KOTA SEMARANG,PROV. JAWA TENGAH,"{""website"": ""www.politeknikpu.ac.id"", ""email"": ""akademik@politeknikpu.ac.id"", ""phone"": ""7472848 / 7472848""}",6000000,6000000,6000000,12000000,12000000,12000000,-1,-1,-1,-1,-1
210,SEKOLAH TINGGI TEOLOGI SAAT,-1,Jalan Bukit Hermon No. 1  Tidar Atas  Malang 65151  Jawa Timur.,KAB. MALANG,PROV. JAWA TIMUR,"{""website"": ""www.seabs.ac.id"", ""email"": ""info@seabs.ac.id"", ""phone"": ""0341-559400 / 0341-559402""}",2725000,1850000,3600000,5450000,3700000,7200000,-1,-1,-1,-1,-1
211,SEKOLAH TINGGI TEOLOGI INJILI INDONESIA MANADO,-1,,KOTA MANADO,PROV. SULAWESI UTARA,"{""website"": """", ""email"": ""angsatanamal@gmail.com"", ""phone"": ""085341186279""}",-1,-1,-1,-1,-1,-1,-1,-1,-1,-1,-1
212,UNIVERSITAS NAHDLATUL ULAMA SIDOARJO,-1,Jalan Monginsidi Dalam Kav. DPR Sidoklumpuk Sidoarjo,KAB. SIDOARJO,PROV. JAWA TIMUR,"{""website"": ""www.unusida.ac.id"", ""email"": ""unu@unusida.ac.id"", ""phone"": ""8079900/8949736""}",3000000,1500000,4500000,6000000,3000000,9000000,-1,-1,-1,-1,-1
213,SEKOLAH TINGGI ILMU ADMINISTRASI SANDIKTA,-1,Jalan Hankam No 208 Jatirahayu Pondok Gede,KOTA BEKASI,PROV. JAWA BARAT,"{""website"": ""stiasandikta.ac.id"", ""email"": ""stiasandikta@gmail.com"", ""phone"": ""021-8466569 / 021-84972414""}",-1,-1,-1,-1,-1,-1,-1,-1,-1,-1,-1
214,INSTITUT AGAMA ISLAM LUKMAN EDY,-1,-,KOTA PEKANBARU,PROV. RIAU,"{""website"": ""www.iaile.ac.id"", ""email"": ""iailepku@gmail.com"", ""phone"": """"}",5255000,510000,10000000,10510000,1020000,20000000,-1,-1,-1,-1,-1
215,UNIVERSITAS MUHAMMADIYAH BUTON,-1,Jalan Betoambari No 36  Lanto  Batupoara,KOTA BAUBAU,PROV. SULAWESI TENGGARA,"{""website"": ""umbuton.ac.id"", ""email"": ""rektorat@umbuton.ac.id"", ""phone"": ""0402 2827038 / 0402 2827038""}",3850000,1200000,6500000,7700000,2400000,13000000,-1,-1,-1,-1,-1
216,UNIVERSITAS ISLAM NUSANTARA,-1,Jalan Soekarno-Hatta No. 530,KOTA BANDUNG,PROV. JAWA BARAT,"{""website"": ""uninus.ac.id"", ""email"": ""info@uninus.ac.id"", ""phone"": ""-7509656 / -7509656""}",33520000,40000,67000000,67040000,80000,134000000,-1,-1,-1,-1,-1
217,UNIVERSITAS LA TANSA MASHIRO,-1,-,KAB. LEBAK,PROV. BANTEN,"{""website"": ""https://unilam.ac.id"", ""email"": ""admin@unilam.ac.id"", ""phone"": ""0252 207163 / 0252 206794""}",1950000,1250000,2650000,3900000,2500000,5300000,-1,-1,-1,-1,-1
218,AKADEMI ANGKATAN UDARA,-1,,KOTA YOGYAKARTA,PROV. D.I. YOGYAKARTA,"{""website"": ""https://aau.ac.id/"", ""email"": """", ""phone"": """"}",-1,-1,-1,-1,-1,-1,-1,-1,-1,-1,-1
219,SEKOLAH TINGGI AGAMA KRISTEN MESIAS SORONG,-1,,KAB. SORONG,PROV. PAPUA BARAT,"{""website"": ""https://stak-sorong.ac.id/"", ""email"": ""staknmesiassorong@gmail.com"", ""phone"": ""081344717268""}",-1,-1,-1,-1,-1,-1,-1,-1,-1,-1,-1
220,STMIK AKI PATI,-1,Jalan Kamandowo No 13,KAB. PATI,PROV. JAWA TENGAH,"{""website"": ""https://stmik-aki.ac.id/"", ""email"": ""stmik.aki06@gmail.com"", ""phone"": ""0295-382087 / 0295-382344""}",1750000,500000,3000000,3500000,1000000,6000000,-1,-1,-1,-1,-1
221,STT YESYURUN ARASTAMAR SERITI LUWU,-1,,KAB. LUWU,PROV. SULAWESI SELATAN,"{""website"": ""http://sttya.ac.id"", ""email"": ""yesyurunarastamar@gmail.com"", ""phone"": ""082194945040""}",50000,50000,50000,100000,100000,100000,-1,-1,-1,-1,-1
222,SEKOLAH TINGGI ILMU KESEHATAN PEMKAB PURWOREJO,-1,-,KAB. PURWOREJO,PROV. JAWA TENGAH,"{""website"": ""https://spp.ac.id"", ""email"": ""info@spp.ac.id"", ""phone"": ""02753140576 / 02753140576""}",6175000,2400000,9950000,12350000,4800000,19900000,-1,-1,-1,-1,-1
223,UNIVERSITAS SATYAGAMA,-1,Jalan Kamal Raya No 2-A Cengkareng,KOTA JAKARTA BARAT,PROV. D.K.I. JAKARTA,"{""website"": ""www.satyagama.ac.id"", ""email"": ""info@satyagama.ac.id"", ""phone"": ""5452377-78 / 54391325""}",3600037100,74201,7200000000,7200074201,148402,14400000000,-1,-1,-1,-1,-1
224,UNIVERSITAS TOMPOTIKA LUWUK,-1,Jalan Dewi Sartika No 67 Luwuk,KAB. BANGGAI,PROV. SULAWESI TENGAH,"{""website"": ""www.untika.ac.id"", ""email"": ""untika.luwuk67@gmail.com"", ""phone"": ""0461324027 / 0461324027""}",2800000,100000,5500000,5600000,200000,11000000,-1,-1,-1,-1,-1
225,SEKOLAH TINGGI ILMU SYARIAH HAJI  ABDUL RASYID LOMBOK TENGAH,-1,Jl. Al Barokah Penangsak Desa Sengkerang Praya Timur Kabupaten Lombok Tengah,KAB. LOMBOK TENGAH,PROV. NUSA TENGGARA BARAT,"{""website"": ""stisharsyi.ac.id"", ""email"": ""-"", ""phone"": """"}",350000,350000,350000,700000,700000,700000,-1,-1,-1,-1,-1
226,SEKOLAH TINGGI ILMU ADMINISTRASI MALANG,-1,Jalan Baiduri Bulan No 1,KOTA MALANG,PROV. JAWA TIMUR,"{""website"": ""www.stia-malang.ac.id"", ""email"": ""info@stia-malang.ac.id"", ""phone"": ""0341-553401 / 0341-562768""}",3750000,200000,7300000,7500000,400000,14600000,-1,-1,-1,-1,-1
227,SEKOLAH TINGGI BAHASA ASING JIA,-1,Jl. Cut Muthia No. 30 KOTAMADYA BEKASI,KOTA BEKASI,PROV. JAWA BARAT,"{""website"": ""www.stba-jia.ac.id"", ""email"": ""info.mail@stba-jia.ac.id"", ""phone"": ""021-8822727 / 021-8822727""}",6012500,250000,11775000,12025000,500000,23550000,-1,-1,-1,-1,-1
228,STKIP MUHAMMADIYAH LUMAJANG,-1,Jalan Brantas No 7,KAB. LUMAJANG,PROV. JAWA TIMUR,"{""website"": ""-"", ""email"": ""stkipmuhlmj@gmail.com"", ""phone"": ""0334-881984""}",3700000,50000,7350000,7400000,100000,14700000,-1,-1,-1,-1,-1
229,AMIK TOMAKAKA,-1,Jalan Ir H Juanda No 7744,KAB. MAJENE,PROV. SULAWESI BARAT,"{""website"": """", ""email"": ""-"", ""phone"": ""0426-22-085 / 0426-22-085""}",2460000,2460000,2460000,4920000,4920000,4920000,-1,-1,-1,-1,-1
230,STT INJILI DI PALEMBANG,-1,-,KOTA PALEMBANG,PROV. SUMATERA SELATAN,"{""website"": ""www.sttipal.ac.id"", ""email"": ""sttipal@gmail.com"", ""phone"": ""081214596624""}",5100000,3000000,7200000,10200000,6000000,14400000,-1,-1,-1,-1,-1
231,UNIVERSITAS KATOLIK WEETEBULA,-1,-,KAB. SUMBA BARAT DAYA,PROV. NUSA TENGGARA TIMUR,"{""website"": ""-"", ""email"": ""-"", ""phone"": ""081237963139""}",2685000,2560000,2810000,5370000,5120000,5620000,-1,-1,-1,-1,-1
232,UNIVERSITAS ABDUL AZIS LAMADJIDO,-1,-,KOTA PALU,PROV. SULAWESI TENGAH,"{""website"": ""-"", ""email"": ""-"", ""phone"": """"}",2000000,1000000,3000000,4000000,2000000,6000000,-1,-1,-1,-1,-1
233,SEKOLAH TINGGI TEOLOGI BEREA SALATIGA,-1,Jl. CEMARA 72 RT 04 RW 06 KELURAHAN SIDOREJO LOR KECAMATAN SIDOREJO,KOTA SALATIGA,PROV. JAWA TENGAH,"{""website"": ""www.sttbere.ac.id"", ""email"": ""stt_berea@yahoo.com"", ""phone"": ""+62298321801 / +620298326398""}",5365000,3290000,7440000,10730000,6580000,14880000,-1,-1,-1,-1,-1
234,STT ARASTAMAR MATARAM,-1,jln Pemuda 71 Mataram,KOTA MATARAM,PROV. NUSA TENGGARA BARAT,"{""website"": ""sttam.ac.id"", ""email"": ""sttammataram.05@gmail.com"", ""phone"": ""637044 / 0370-637044""}",-1,-1,-1,-1,-1,-1,-1,-1,-1,-1,-1
235,IAIN BUKITTINGGI,-1,-,KAB. AGAM,PROV. SUMATERA BARAT,"{""website"": ""iainbukittinggi.ac.id"", ""email"": ""info@iainbukittinggi.ac.id"", ""phone"": ""22875 / 22875""}",-1,-1,-1,-1,-1,-1,-1,-1,-1,-1,-1
236,SEKOLAH TINGGI ALKITAB BATU MALANG,-1,Jl. Raya Beji No.7-9 Beji  Kec. Junrejo  Kota Wisata Batu  Jawa Timur,KOTA BATU,PROV. JAWA TIMUR,"{""website"": ""https://stab.ac.id/"", ""email"": ""info@stab.ac.id; batusekolahtinggialkitab@gmail.com"", ""phone"": ""+6281230035758""}",-1,-1,-1,-1,-1,-1,-1,-1,-1,-1,-1
237,POLITEKNIK GUSDURIAN,-1,-,KAB. BANYUMAS,PROV. JAWA TENGAH,"{""website"": ""poltekgusdurian.ac.id"", ""email"": ""campus@poltekgusdurian.ac.id"", ""phone"": ""0281636133""}",-1,-1,-1,-1,-1,-1,-1,-1,-1,-1,-1
238,STKIP AL HIKMAH SURABAYA,-1,Jl. Kebonsari Elveka V Surabaya,KOTA SURABAYA,PROV. JAWA TIMUR,"{""website"": ""www.hikmahuniversity.ac.id"", ""email"": ""stkiph@hikmahuniversity.ac.id"", ""phone"": ""031-8295825 /8295817""}",3850000,3800000,3900000,7700000,7600000,7800000,-1,-1,-1,-1,-1
239,STAI DDI PAREPARE  SULAWESI SELATAN,-1,Jalan Abu Bakar Lambogo No. 53  Kompleks Pondok Pesantren DDI Ujung Lare Kecamat,KOTA PARE-PARE,PROV. SULAWESI SELATAN,"{""website"": ""-"", ""email"": ""staiddi.pares@gmail.com"", ""phone"": """"}",-1,-1,-1,-1,-1,-1,-1,-1,-1,-1,-1
240,STAI ASSHIDDIQIYAH KARAWANG,-1,Dusun Krajan Desa Pasirukem Kecamatan Cilamaya Kulon,KAB. KARAWANG,PROV. JAWA BARAT,"{""website"": ""staias.ac.id/stai-asshiddiqiyah-karawang.ac.id"", ""email"": ""info@staias.ac.id"", ""phone"": ""085885907799 / 8380220""}",-1,-1,-1,-1,-1,-1,-1,-1,-1,-1,-1
241,UNIVERSITAS SARI MUTIARA INDONESIA,-1,Jalan Kapten Muslim No. 79 Medan,KOTA MEDAN,PROV. SUMATERA UTARA,"{""website"": ""www.sari-mutiara.ac.id"", ""email"": ""info@sari-mutiara.ac.id"", ""phone"": ""085361670151 / -8471550""}",30060003,120000,60000006,60120006,240000,120000012,-1,-1,-1,-1,-1
242,INSTITUTE AGAMA BUDDHA NASIONAL DIVYARAJYA,-1,Gedung De Ploeit Centrale Lantai 7  Jl. Pluit Selatan Raya  Blok Q,KOTA JAKARTA UTARA,PROV. D.K.I. JAKARTA,"{""website"": ""www.fu-iabn.com"", ""email"": ""info@fu-iabn.com"", ""phone"": ""02129076531 / 02129076531""}",-1,-1,-1,-1,-1,-1,-1,-1,-1,-1,-1
243,SEKOLAH TINGGI ILMU TARBIYAH MISBAHUDIN AHMAD,-1,-,KAB. BLITAR,PROV. JAWA TIMUR,"{""website"": ""stitmablitar.ac.id"", ""email"": ""stitmablitar22@gmail.com"", ""phone"": ""082341144114""}",-1,-1,-1,-1,-1,-1,-1,-1,-1,-1,-1
244,SEKOLAH TINGGI TEKNIK MULTIMEDIA INTERNASIONAL MALANG,-1,-,KOTA MALANG,PROV. JAWA TIMUR,"{""website"": ""-"", ""email"": ""-"", ""phone"": """"}",-1,-1,-1,-1,-1,-1,-1,-1,-1,-1,-1
245,INSTITUT KH. AHMAD SANUSI SUKABUMI,-1,Jalan Bhayangkara Nomor 33 RT 004 RW 006  Kelurahan Gunung Puyuh  Kecamatan Gunung Puyuh,KAB. SUKABUMI,PROV. JAWA BARAT,"{""website"": ""https://inkhas.ac.id/"", ""email"": ""official@inkhas.ac.id"", ""phone"": """"}",2500000,2000000,3000000,5000000,4000000,6000000,-1,-1,-1,-1,-1
246,UNIVERSITAS HARAPAN MEDAN,-1,Jln. H.M. Joni No. 70 C Medan,KOTA MEDAN,PROV. SUMATERA UTARA,"{""website"": ""https://unhar.ac.id/"", ""email"": ""unhar@harapan.ac.id"", ""phone"": ""061-4514560 / 061-4514560""}",3500000,1000000,6000000,7000000,2000000,12000000,-1,-1,-1,-1,-1
247,AKADEMI KEPERAWATAN YAYASAN DHARMA BHAKTI JAKARTA,-1,Jl. Jagakarsa Raya No. 20  Ciganjur,KOTA JAKARTA SELATAN,PROV. D.K.I. JAKARTA,"{""website"": ""-"", ""email"": ""-"", ""phone"": """"}",-1,-1,-1,-1,-1,-1,-1,-1,-1,-1,-1
248,UNIVERSITAS JANABADRA,-1,Jl Tentara Rakyat Mataram 55,KOTA YOGYAKARTA,PROV. D.I. YOGYAKARTA,"{""website"": ""www.janabadra.ac.id"", ""email"": ""info@janabadra.ac.id"", ""phone"": ""561039 / 561039""}",4050000,500000,7600000,8100000,1000000,15200000,-1,-1,-1,-1,-1
249,AKADEMI AKUNTANSI INDONESIA PADANG,-1,Jalan Veteran Dalam No 26 B,KOTA PADANG,PROV. SUMATERA BARAT,"{""website"": ""akademiakuntansi.unespadang.ac.id"", ""email"": ""aaipadang@unespadang.ac.id"", ""phone"": ""0751-28859 / 0751-32694""}",1162500,175000,2150000,2325000,350000,4300000,-1,-1,-1,-1,-1
250,UNIVERSITAS TJUT NYAK DHIEN,-1,Jalan Gatot Subroto / Jl. Rasmi No. 28,KOTA MEDAN,PROV. SUMATERA UTARA,"{""website"": ""www.utnd.ac.id"", ""email"": ""univ.utnd@gmail.com"", ""phone"": ""061-8451508 / 061-8441163""}",-1,-1,-1,-1,-1,-1,-1,-1,-1,-1,-1
251,AKADEMI KEPERAWATAN PEMKAB GRESIK,-1,Jl. Dr. Wahidin Sudirohusodo No. 243A,KAB. GRESIK,PROV. JAWA TIMUR,"{""website"": ""www.akperpemkabgresik.ac.id"", ""email"": ""akper_pemkabgresik@yahoo.com"", ""phone"": ""031-3951252 / 031-3954156""}",-1,-1,-1,-1,-1,-1,-1,-1,-1,-1,-1
252,STIT MUHAMMADIYAH BOJONEGORO,-1,Jl. Dr. Setyo Budi No. 03 Klangon Bojonegoro,KAB. BOJONEGORO,PROV. JAWA TIMUR,"{""website"": ""www.stitmubo.ac.id"", ""email"": ""stitmbjn86@gmail.com / mail@stitmubo.ac.id"", ""phone"": ""0353885951 / 0353885403""}",1500000,1500000,1500000,3000000,3000000,3000000,-1,-1,-1,-1,-1
253,AKADEMI KEPERAWATAN KESDAM I/BUKIT BARISAN BINJAI,-1,Jl. Bandung No. 4  Binjai,KOTA BINJAI,PROV. SUMATERA UTARA,"{""website"": ""http://akperkesdam-binjai.ac.id/"", ""email"": """", ""phone"": """"}",4200000,4200000,4200000,8400000,8400000,8400000,-1,-1,-1,-1,-1
254,SEKOLAH TINGGI THEOLOGIA INJILI INDONESIA PONTIANAK,-1,Jl. Aris Margono No. 7  Pontianak-Kalimantan Barat,KOTA PONTIANAK,PROV. KALIMANTAN BARAT,"{""website"": ""https://sttiipontianak.ac.id/"", ""email"": ""sttiiptk@gmail.com"", ""phone"": ""0561-738924 / 0561-738924""}",2500000,2500000,2500000,5000000,5000000,5000000,-1,-1,-1,-1,-1
255,UNIVERSITAS DIRGANTARA MARSEKAL SURYADARMA,-1,Komplek Bandar Udara Halim Perdanakusuma  Jl Protokol Halim PK - Jakarta,KOTA JAKARTA TIMUR,PROV. D.K.I. JAKARTA,"{""website"": ""www.universitassuryadarma.ac.id"", ""email"": ""baaunsurya1@gmail.com"", ""phone"": ""021 - 8093475 / 021- 8009246""}",9612500,1,19225000,19225001,2,38450000,-1,-1,-1,-1,-1
256,SEKOLAH TINGGI AGAMA ISLAM SALAHUDDINPASURUAN,-1,Jl. Dr. Wahidin Sudiro Husodo 45 Pasuruan,KOTA PASURUAN,PROV. JAWA TIMUR,"{""website"": ""staispasuruan.ac.id"", ""email"": ""mail@staispasuruan.ac.id"", ""phone"": ""5617767 / 0""}",3100000,150000,6050000,6200000,300000,12100000,-1,-1,-1,-1,-1
257,INSTITUT SWADIRI,-1,-,KOTA JAYAPURA,PROV. PAPUA,"{""website"": ""https://institutswadiri.ac.id/"", ""email"": ""kampus@institutswadiri.ac.id"", ""phone"": ""081377454545""}",-1,-1,-1,-1,-1,-1,-1,-1,-1,-1,-1
258,GEORGETOWN UNIVERSITY,-1,-,KOTA JAKARTA PUSAT,PROV. D.K.I. JAKARTA,"{""website"": ""-"", ""email"": ""-"", ""phone"": """"}",-1,-1,-1,-1,-1,-1,-1,-1,-1,-1,-1
259,STIKES BHAKTI PERTIWI LUWU RAYA,-1,Jalan Imam Bonjol No 27,KOTA PALOPO,PROV. SULAWESI SELATAN,"{""website"": ""stikesbhaktipertiwi.ac.id"", ""email"": ""stikesluwuraya9@gmail.com"", ""phone"": ""04713307444 / 047121053""}",2000000,2000000,2000000,4000000,4000000,4000000,-1,-1,-1,-1,-1
260,STKIP PESISIR SELATAN,-1,Jln. Limau Sundai  Balai Selasa  Kecamatan Ranah Pesisir  Kabupaten Pesisir Sela,KAB. PESISIR SELATAN,PROV. SUMATERA BARAT,"{""website"": ""www.stkip-pessel.ac.id"", ""email"": ""stkip_ps@yahoo.com"", ""phone"": """"}",325,325,325,650,650,650,-1,-1,-1,-1,-1
261,POLITEKNIK ENERGI DAN MINERAL AKAMIGAS,-1,Jl. Gajah Mada No. 38 Cepu - 58315 Kab. Blora Jawa Tengah,KAB. BLORA,PROV. JAWA TENGAH,"{""website"": ""www.akamigas.ac.id"", ""email"": ""info@akamigas.ac.id"", ""phone"": ""0296-421897 / 0296-425939""}",21832000,5664000,38000000,43664000,11328000,76000000,-1,-1,-1,-1,-1
262,UNIVERSITAS SANGGA BUANA,-1,Jalan PHH Mustopa No 68,KOTA BANDUNG,PROV. JAWA BARAT,"{""website"": ""www.usbypkp.ac.id"", ""email"": ""pddikti@usbypkp.ac.id"", ""phone"": ""022-7275489 / 022-7201756""}",8225000,10000,16440000,16450000,20000,32880000,-1,-1,-1,-1,-1
263,AKADEMI KEPERAWATAN YPSBR MUARA BULIAN,-1,Jalan Pramuka  Muara Bulian,KAB. BATANG HARI,PROV. JAMBI,"{""website"": """", ""email"": ""akperypsbr@yahoo.co.id"", ""phone"": ""081366844545""}",-1,-1,-1,-1,-1,-1,-1,-1,-1,-1,-1
264,STKIP INSAN MADANI AIRMOLEK,-1,JL. Tanah Tinggi No. 17 Airmolek  Kecamatan Pasir Penyu  Kabupaten Indragiri Hul,KAB. INDRAGIRI HULU,PROV. RIAU,"{""website"": ""stkip-insanmadaniairmolek.ac.id"", ""email"": ""stkip.amk@gmail.com"", ""phone"": ""0769-41024 / 0769-41024""}",2750000,2000000,3500000,5500000,4000000,7000000,-1,-1,-1,-1,-1
265,STKIP MODERN NGAWI,-1,Jl. A. Yani 99 Beran Ngawi,KAB. NGAWI,PROV. JAWA TIMUR,"{""website"": ""stkipmodernngawi.ac.id"", ""email"": ""info@stkipmodernngawi.ac.id"", ""phone"": ""0351 7401546 / 000""}",1575000,500000,2650000,3150000,1000000,5300000,-1,-1,-1,-1,-1
266,UNIVERSITAS NEGERI MEDAN,-1,Jalan Willem Iskandar Pasar V Medan Estate,KOTA MEDAN,PROV. SUMATERA UTARA,"{""website"": ""http://www.unimed.ac.id"", ""email"": ""admin@unimed.ac.id"", ""phone"": ""061-6613365 6613276 / 061-6614002  6613319""}",35125000,250000,70000000,70250000,500000,140000000,-1,-1,-1,-1,-1
267,UNIVERSITAS MUHAMMADIYAH KUDUS,-1,-,KAB. KUDUS,PROV. JAWA TENGAH,"{""website"": ""www.umku.ac.id"", ""email"": ""sekretariat@umku.ac.id"", ""phone"": ""0291437218 / 0291442993""}",4250000,500000,8000000,8500000,1000000,16000000,-1,-1,-1,-1,-1
268,SEKOLAH TINGGI ILMU TARBIYAH RAKEYAN SANTANG KARAWANG JAWA BARAT,-1,Jl. Stadion kp Mekar Baru RT.03 RW. 03 Desa Cikampek Kota kecamatan Cikampek,KAB. KARAWANG,PROV. JAWA BARAT,"{""website"": ""www.rakeyansantang.ac.id"", ""email"": ""info@rakeyansantang.ac.id"", ""phone"": ""0267-8405570 / 0267-8405570""}",-1,-1,-1,-1,-1,-1,-1,-1,-1,-1,-1
269,UNIVERSITAS MUHAMMADIYAH PURWOREJO,-1,Jalan KH Ahmad Dahlan No 3,KAB. PURWOREJO,PROV. JAWA TENGAH,"{""website"": ""www.umpwr.ac.id"", ""email"": ""info@umpwr.ac.id"", ""phone"": ""0275-321494 / 0275-321494-116""}",1973750,160000,3787500,3947500,320000,7575000,-1,-1,-1,-1,-1
270,STT GEREJA INJILI DI INDONESIA,-1,,KAB. JAYAPURA,PROV. PAPUA,"{""website"": ""https://sttgidi.ac.id/"", ""email"": ""info@sttgidi.ac.id; sttgidijayapura@gmail.com"", ""phone"": ""593435-59229""}",2500000,2500000,2500000,5000000,5000000,5000000,-1,-1,-1,-1,-1
271,SEKOLAH TINGGI HUKUM INDONESIA JENTERA,-1,Puri Imperium Office Plaza Upper Ground Floor Unit 15  Jl. Kuningan Madya Kav. 5-,KOTA JAKARTA SELATAN,PROV. D.K.I. JAKARTA,"{""website"": ""www.jentera.ac.id"", ""email"": ""info@jentera.ac.id"", ""phone"": ""021 8302070 / 021 83701810""}",-1,-1,-1,-1,-1,-1,-1,-1,-1,-1,-1
272,UNIVERSITAS MADANI,-1,-,KAB. BANTUL,PROV. D.I. YOGYAKARTA,"{""website"": ""http://umad.ac.id"", ""email"": ""info@umad.ac.id"", ""phone"": ""2842380""}",-1,-1,-1,-1,-1,-1,-1,-1,-1,-1,-1
273,STAI AL-AZHAR GOWA  SULAWESI SELATAN,-1,Jln. Tamangapa Raya III No. 16  Antang  Makassar Sulsel,KOTA MAKASSAR,PROV. SULAWESI SELATAN,"{""website"": ""www.staialazhargowa.ac.id"", ""email"": ""staialazhargowa@gmail.com"", ""phone"": ""085341465180""}",825000,150000,1500000,1650000,300000,3000000,-1,-1,-1,-1,-1
274,UNIVERSITAS MAHENDRADATTA,-1,Jalan Ken Arok No 12,KOTA DENPASAR,PROV. BALI,"{""website"": ""mahendradattauniversitas.ac.id"", ""email"": ""mahendradattauniversitas@gmail.com"", ""phone"": ""0361 434827 / 0361 434827""}",3625000,3250000,4000000,7250000,6500000,8000000,-1,-1,-1,-1,-1
275,AKADEMI KEBIDANAN WIJAYA HUSADA,-1,Bogor,KAB. BOGOR,PROV. JAWA BARAT,"{""website"": """", ""email"": ""wijayahusada8@gmail.com"", ""phone"": ""081295819088""}",1,1,1,2,2,2,-1,-1,-1,-1,-1
276,SEKOLAH TINGGI AGAMA ISLAM AL HAYAH,-1,Jalan Lingkar Darmaraja-Wado Nomor 17 RT 02 RW 09  Dusun Cikiray  Desa Darmaraja,KAB. SUMEDANG,PROV. JAWA BARAT,"{""website"": ""-"", ""email"": ""-"", ""phone"": """"}",-1,-1,-1,-1,-1,-1,-1,-1,-1,-1,-1
277,POLITEKNIK KELAUTAN DAN PERIKANAN SORONG,-1,Jl. Kapitan Pattimura Tanjung Kasuari Suprau Kotak Pos 118 Kota Sorong,KOTA SORONG,PROV. PAPUA BARAT,"{""website"": ""www.polikpsorong.ac.id"", ""email"": ""polteksorong@kkp.go.id"", ""phone"": ""0951 3100182 / ----""}",-1,-1,-1,-1,-1,-1,-1,-1,-1,-1,-1
278,UNIVERSITAS WIRA BHAKTI,-1,-,KOTA MAKASSAR,PROV. SULAWESI SELATAN,"{""website"": ""-"", ""email"": ""operator@wirabhaktimakassar.ac.id"", ""phone"": """"}",3350000,2500000,4200000,6700000,5000000,8400000,-1,-1,-1,-1,-1
279,SEKOLAH TINGGI ILMU SYARIAH HUSNUL KHOTIMAHKUNINGAN,-1,Desa Maniskidul Jalaksana Kabupaten Kuningan  Jawa Barat,KAB. KUNINGAN,PROV. JAWA BARAT,"{""website"": ""www.stishusnulkhotimah.ac.id"", ""email"": ""info@stishusnulkhotimah.ac.id / stishusnulkhotimah@gmail.com"", ""phone"": ""8617988 / 613809""}",-1,-1,-1,-1,-1,-1,-1,-1,-1,-1,-1
280,STMIK SAMARINDA,-1,Jalan Banggeris No 82,KOTA SAMARINDA,PROV. KALIMANTAN TIMUR,"{""website"": ""www.stmik-samarinda.ac.id"", ""email"": ""kampus@stmik-samarinda.ac.id"", ""phone"": ""0541 746557 / 0541 746557""}",4550000,4550000,4550000,9100000,9100000,9100000,-1,-1,-1,-1,-1
281,POLITEKNIK DARMA GANESHA,-1,Jl. Sriwijaya No. 13 Tanjungpandan  Belitung,KAB. BELITUNG,PROV. BANGKA BELITUNG,"{""website"": ""www.poltekdg.ac.id"", ""email"": ""darmaganeshapoliteknik@gmail.com"", ""phone"": ""0719- 9301023""}",-1,-1,-1,-1,-1,-1,-1,-1,-1,-1,-1
282,POLITEKNIK KESEHATAN SITEBA,-1,Jalan Joni Anwar No 8 Lapai,KOTA PADANG,PROV. SUMATERA BARAT,"{""website"": ""www.poltekessitebapadang.ac.id"", ""email"": ""info@poltekessitebapadang.ac.id"", ""phone"": ""0751-445-881""}",3750000,2500000,5000000,7500000,5000000,10000000,-1,-1,-1,-1,-1
283,UNIVERSITAS ISLAM DARUD DA`WAH WAL-IRSYAD A.G.H. ABDURRAHMAN AMBO DALLE,-1,Jalan Gatot Soebroto Nomor 61  Kelurahan Madatte  Kecamatan Polewali,KAB. POLEWALI MAMASA,PROV. SULAWESI BARAT,"{""website"": ""https://uiddi.ac.id/"", ""email"": ""admin@ddipolman.ac.id"", ""phone"": """"}",-1,-1,-1,-1,-1,-1,-1,-1,-1,-1,-1
284,SEKOLAH TINGGI AGAMA ISLAM AL-BAHJAH CIREBON,-1,-,KAB. CIREBON,PROV. JAWA BARAT,"{""website"": ""www.staialbahjah.ac.id"", ""email"": ""info@staialbahjah.ac.id"", ""phone"": ""+6285287307079""}",4000000,4000000,4000000,8000000,8000000,8000000,-1,-1,-1,-1,-1
285,SEKOLAH TINGGI ILMU EKONOMI SYARIAH RIYADLUL JANNAH MOJOKERTO JAWA TIMUR,-1,Jalan Ko. Hayam Wuruk Nomor 22 Kecamatan Mojokerto Jawa Timur,KAB. MOJOKERTO,PROV. JAWA TIMUR,"{""website"": ""www.rijan.ac.id"", ""email"": ""kantor@rijan.ac.id"", ""phone"": ""690544""}",500000,500000,500000,1000000,1000000,1000000,-1,-1,-1,-1,-1
286,UNIVERSITAS SEBELAS MARET,-1,Jalan Ir Sutami 36-A Kentingan,KOTA SURAKARTA,PROV. JAWA TENGAH,"{""website"": ""https://uns.ac.id"", ""email"": ""admin-uns@uns.ac.id"", ""phone"": ""0271 646994 / 0271 642283""}",15225000,300000,30150000,30450000,600000,60300000,-1,-1,-1,-1,-1
287,POLITEKNIK INSAN TAZAKKA,-1,-,KAB. KARAWANG,PROV. JAWA BARAT,"{""website"": ""https://poltek-insantazakka.ac.id"", ""email"": ""poltek.insantazakka@gmail.com"", ""phone"": ""085179751842""}",4200000,4200000,4200000,8400000,8400000,8400000,-1,-1,-1,-1,-1
288,POLITEKNIK LAMANDAU,-1,Jl. Jenderal Sudriman RT. 12C Kel. Nanga Bulik,KAB. LAMANDAU,PROV. KALIMANTAN TENGAH,"{""website"": ""https://polilaman.ac.id/"", ""email"": ""polilamannb@gmail.com"", ""phone"": """"}",2090000,270000,3910000,4180000,540000,7820000,-1,-1,-1,-1,-1
289,STKIP PARACENDEKIA N W SUMBAWA,-1,Jalan Lintas Sumbawa-Bima Km. 5 Sumbawa Besar  NTB,KAB. SUMBAWA,PROV. NUSA TENGGARA BARAT,"{""website"": ""stkipparacendekianw.ac.id"", ""email"": ""stkippnwsbw@gmail.com; stkipparacendekianw.ac.id"", ""phone"": ""081915923077""}",2500000,1000000,4000000,5000000,2000000,8000000,-1,-1,-1,-1,-1
290,AKADEMI KEPERAWATAN PEMKAB PIDIE DI SIGLI,-1,,KAB. PIDIE,PROV. ACEH,"{""website"": ""-"", ""email"": ""Akper_pemkabpidie@yahoo.co.id"", ""phone"": ""0653-21913 / 0653-21913""}",-1,-1,-1,-1,-1,-1,-1,-1,-1,-1,-1
291,POLTEKKES KEMENKES MAKASSAR,-1,Jl. Wijaya Kusuma Raya No.46 Kel.Banta-Bantaeng Kec Rappocini Kota Makassar,KOTA MAKASSAR,PROV. SULAWESI SELATAN,"{""website"": ""www.poltekkes-mks.ac.id"", ""email"": ""info@poltekkes-mks.ac.id"", ""phone"": ""04118051012""}",5015000,530000,9500000,10030000,1060000,19000000,-1,-1,-1,-1,-1
292,SEKOLAH TINGGI TEOLOGI GLOBAL JAKARTA,-1,-,KOTA JAKARTA PUSAT,PROV. D.K.I. JAKARTA,"{""website"": ""-"", ""email"": ""-"", ""phone"": """"}",-1,-1,-1,-1,-1,-1,-1,-1,-1,-1,-1
293,SEKOLAH TINGGI ILMU EKONOMI DAHANI DAHANAI BUNTOK,-1,Jl Cut Nyak Dien No 09 A,KAB. BARITO SELATAN,PROV. KALIMANTAN TENGAH,"{""website"": ""www.stiedahanidahanai.com"", ""email"": ""stiedahanidahanai@gmail.com  stiedd_buntok@yahoo.co.id"", ""phone"": ""082255464333 / 082255464333""}",6875000,1250000,12500000,13750000,2500000,25000000,-1,-1,-1,-1,-1
294,SEKOLAH TINGGI EKONOMI ISLAM PERMATA BOJONEGORO,-1,Jl. Ade Irma Suryani 42 A  Kelurahan Sumbang  Kecamatan Bojonegoro  Kabupaten Bojonegoro Provinsi Jawa Timur,KAB. BOJONEGORO,PROV. JAWA TIMUR,"{""website"": ""www.permata.ac.id"", ""email"": ""stei@permata.ac.id"", ""phone"": ""082230000075""}",-1,-1,-1,-1,-1,-1,-1,-1,-1,-1,-1
295,UNIVERSITAS BANI SALEH,-1,-,KOTA BEKASI,PROV. JAWA BARAT,"{""website"": ""www.ubs.ac.id"", ""email"": ""info@ubs.ac.id"", ""phone"": ""0218800992""}",57401,57401,57402,114803,114802,114804,-1,-1,-1,-1,-1
296,SEKOLAH TINGGI ILMU KOMPUTER 22 JANUARI KENDARI,-1,-,KOTA KENDARI,PROV. SULAWESI TENGGARA,"{""website"": ""-"", ""email"": ""stikom22jnrkdi@gmail.com"", ""phone"": ""081244023900""}",2500000,2500000,2500000,5000000,5000000,5000000,-1,-1,-1,-1,-1
297,AKADEMI FARMASI MITRA SEHAT MANDIRI SIDOARJO,-1,Jl. Ki Hajar Dewantara No.200 Krian Sidoarjo,KAB. SIDOARJO,PROV. JAWA TIMUR,"{""website"": ""akfarmitseda.ac.id"", ""email"": ""akfar@mitseda.ac.id"", ""phone"": ""031 8887233  8987404 / 031 8987233""}",-1,-1,-1,-1,-1,-1,-1,-1,-1,-1,-1
298,STISIP SAMUDERA INDONESIA SELATAN,-1,Jl. Raya Mekarmukti Cijayana Mekarmukti Garut Jawa Barat,KAB. GARUT,PROV. JAWA BARAT,"{""website"": ""https://stisipsains.ac.id/"", ""email"": ""stisipsamuderaindonesia@gmail.com"", ""phone"": ""085223104191""}",2400000,2400000,2400000,4800000,4800000,4800000,-1,-1,-1,-1,-1
299,UNIVERSITAS MUHAMMADIYAH MUARA BUNGO,-1,-,KAB. BUNGO,PROV. JAMBI,"{""website"": ""www.ummuba.ac.id"", ""email"": ""rektorat@ummuba.ac.id"", ""phone"": ""0822 8883 8851""}",4575000,4500000,4650000,9150000,9000000,9300000,-1,-1,-1,-1,-1
300,INSTITUT KEUANGAN-PERBANKAN DAN INFORMATIKA ASIA PERBANAS,-1,Jl Perbanas  Karet Kuningan,KOTA JAKARTA SELATAN,PROV. D.K.I. JAKARTA,"{""website"": ""www.perbanas.id"", ""email"": ""contact@perbanas.id"", ""phone"": ""021-5222501-04 / 021-5228460""}",7500000,5000000,10000000,15000000,10000000,20000000,-1,-1,-1,-1,-1
301,SEKOLAH TINGGI ILMU SOSIAL DAN POLITIK FAJAR TIMUR,-1,Jl Meo Abekunatun No 26,KAB. BELU,PROV. NUSA TENGGARA TIMUR,"{""website"": ""http://stisipfajartimur.ac.id"", ""email"": ""stisipfajartimur.atb@gmail.com"", ""phone"": ""081318673608 / 038922146""}",-1,-1,-1,-1,-1,-1,-1,-1,-1,-1,-1
302,STAI RASYIDIYAH KHALIDIYAHAMUNTAI  KALIMANTAN SELATAN,-1,Jl. Rakha Pakapuran Amuntai,TIDAK DIISI,PROV. KALIMANTAN SELATAN,"{""website"": ""www.stairakha-amuntai.ac.id"", ""email"": ""stai_rakha@yahoo.co.id"", ""phone"": ""052761695 / 052761695""}",2037500,375000,3700000,4075000,750000,7400000,-1,-1,-1,-1,-1
303,STIKES SAKINAH HUSADA TANJUNG BALAI,-1,Jln. Anwar IdrisKel. Bunga Tanjung  Kec. Datuk Bandar Timur Kota Tanj,KOTA TANJUNG BALAI,PROV. SUMATERA UTARA,"{""website"": ""---"", ""email"": ""stikessakinahhusada123@gmail.com"", ""phone"": ""085270222443 / 085270222443""}",3500000,3000000,4000000,7000000,6000000,8000000,-1,-1,-1,-1,-1
304,INSTITUT ILMU KESEHATAN BHAKTI WIYATA KEDIRI,-1,Jl KH Wachid Hasyim No 65,KOTA KEDIRI,PROV. JAWA TIMUR,"{""website"": ""www.iik.ac.id"", ""email"": ""admin@iik.ac.id"", ""phone"": ""0354-773299 / 0354-771539""}",12000000,3000000,21000000,24000000,6000000,42000000,-1,-1,-1,-1,-1
305,UNIVERSITAS MUHAMMADIYAH TEGAL,-1,-,KAB. TEGAL,PROV. JAWA TENGAH,"{""website"": ""umtegal.ac.id"", ""email"": ""umtegal@gmail.com"", ""phone"": ""0283351081""}",4900000,2400000,7400000,9800000,4800000,14800000,-1,-1,-1,-1,-1
306,STT POKOK ANGGUR JAKARTA,-1,jalan kerajinan 5 jakarta barat,KOTA JAKARTA BARAT,PROV. D.K.I. JAKARTA,"{""website"": ""sttpa.ac.id"", ""email"": ""info@sttpa.ac.id"", ""phone"": ""021-4200436""}",1500000,1000000,2000000,3000000,2000000,4000000,-1,-1,-1,-1,-1
307,SEKOLAH TINGGI MANAJEMEN INFORMATIKA DAN KOMPUTER PGRI ARUNGBINANG KEBUMEN,-1,-,KAB. KEBUMEN,PROV. JAWA TENGAH,"{""website"": ""-"", ""email"": ""-"", ""phone"": """"}",2850000,2850000,2850000,5700000,5700000,5700000,-1,-1,-1,-1,-1
308,INSTITUT ALIF MUHAMMAD IMAM SYAFI'I,-1,-,KAB. LAMONGAN,PROV. JAWA TIMUR,"{""website"": ""inamislamongan.ac.id"", ""email"": ""inamislamongan@gmail.com"", ""phone"": ""081333125191""}",2100000,2100000,2100000,4200000,4200000,4200000,-1,-1,-1,-1,-1
309,SEKOLAH TINGGI TEOLOGI INJILI INDONESIA SAMARINDA,-1,Jl. Ir. Haji Juanda I. RT. 20. No. 2A. Samarinda-Kalimantan Timur,KOTA SAMARINDA,PROV. KALIMANTAN TIMUR,"{""website"": ""www.sttii-samarinda.ac.id"", ""email"": ""sttiisamarinda510@gmail.com"", ""phone"": ""081346243355""}",3000000,3000000,3000000,6000000,6000000,6000000,-1,-1,-1,-1,-1
310,DEAKIN UNIVERSITY,-1,-,KOTA BANDUNG,PROV. JAWA BARAT,"{""website"": ""-"", ""email"": ""-"", ""phone"": """"}",-1,-1,-1,-1,-1,-1,-1,-1,-1,-1,-1
311,STIT SIROJUL FALAH BOGOR,-1,Jl. Raya Pemda Kaum Pandak Rt.004/003 Kel. Karadenan Kec. Cibinong Kab. Bogor,KAB. BOGOR,PROV. JAWA BARAT,"{""website"": ""www.stitsifabogor.ac.id"", ""email"": ""admin@stitsifabogor.ac.id"", ""phone"": ""7501315 / 7501315""}",3750000,2500000,5000000,7500000,5000000,10000000,-1,-1,-1,-1,-1
312,STIT AS-SALAMA TUAL MALUKU TENGGARA  MALUKU,-1,Jln. Kampus As-Salama Kota Tual,KOTA. TUAL,PROV. MALUKU,"{""website"": ""stitassalamatual.blogspot.com"", ""email"": ""sitit.assalama@yahoo.com"", ""phone"": ""081344152488 / 091624183""}",-1,-1,-1,-1,-1,-1,-1,-1,-1,-1,-1
313,AKADEMI KOMUNITAS KEBUN ANOM,-1,-,KAB. JEMBER,PROV. JAWA TIMUR,"{""website"": ""-"", ""email"": ""-"", ""phone"": """"}",-1,-1,-1,-1,-1,-1,-1,-1,-1,-1,-1
314,UNIVERSITAS NURUL JADID,-1,PP Nurul Jadid Pox Box 1  Karanganyar  Paiton,KAB. PROBOLINGGO,PROV. JAWA TIMUR,"{""website"": ""https://www.unuja.ac.id"", ""email"": ""unuja@unuja.ac.id"", ""phone"": ""08883077077 / 08883077077""}",1000,1000,1000,2000,2000,2000,-1,-1,-1,-1,-1
315,AKADEMI KEBIDANAN PRIMA HUSADA,-1,Jl. Brigdjen H Saptadji No. 19 Cilendek Barat Kota Bogor,KOTA BOGOR,PROV. JAWA BARAT,"{""website"": ""akbidprimahusada.ac.id"", ""email"": ""akbidprima@yahoo.com"", ""phone"": ""02518319922 / 02518339966""}",6500000,6500000,6500000,13000000,13000000,13000000,-1,-1,-1,-1,-1
316,SEKOLAH TINGGI ILMU HUKUM SOELTHAN M TSJAFIOEDDIN,-1,Jl Soelthan M Tsjafioeddin No 29,KOTA SINGKAWANG,PROV. KALIMANTAN BARAT,"{""website"": ""stihsmt.ac.id"", ""email"": ""stih.singkawang@gmail.com"", ""phone"": ""081256494135 / 0562-631926""}",3750000,3500000,4000000,7500000,7000000,8000000,-1,-1,-1,-1,-1
317,UNIVERSITAS SUBANG,-1,Jalan RA Kartini KM 3 Subang,KAB. SUBANG,PROV. JAWA BARAT,"{""website"": ""www.unsub.ac.id"", ""email"": ""info@unsub.ac.id"", ""phone"": ""02604240927 / 02604240927""}",2600000,200000,5000000,5200000,400000,10000000,-1,-1,-1,-1,-1
318,STMIK ANTAR BANGSA,-1,Jl. Raden Fattah No. 70A  Pondok Aren,KOTA TANGERANG,PROV. BANTEN,"{""website"": ""antarbangsa.ac.id"", ""email"": ""info@antarbangsa.ac.id"", ""phone"": ""50986099""}",2550000,1000000,4100000,5100000,2000000,8200000,-1,-1,-1,-1,-1
319,POLITEKNIK KEBANGSAAN,-1,-,KOTA GORONTALO,PROV. GORONTALO,"{""website"": ""-"", ""email"": ""-"", ""phone"": """"}",-1,-1,-1,-1,-1,-1,-1,-1,-1,-1,-1
320,STIKES KUSUMA BANGSA,-1,Jl. Pariwisata No. 48,KOTA MATARAM,PROV. NUSA TENGGARA BARAT,"{""website"": ""www.kusumabangsa.ac.id"", ""email"": ""kusumabangsaaaa@gmail.com"", ""phone"": ""7847342""}",7150000,5825000,8475000,14300000,11650000,16950000,-1,-1,-1,-1,-1
321,UNIVERSITAS NUSANTARA PGRI KEDIRI,-1,Jl KH Achmad Dahlan 76 Mojoroto,KOTA KEDIRI,PROV. JAWA TIMUR,"{""website"": ""www.unpkediri.ac.id"", ""email"": ""admin@unpkediri.ac.id"", ""phone"": ""771503  771576 / 771503  771576""}",3900000,600000,7200000,7800000,1200000,14400000,-1,-1,-1,-1,-1
322,SEKOLAH TINGGI ILMU EKONOMI WILWATIKTA,-1,Kebonsari Baru Selatan  Kebonsari,KOTA SURABAYA,PROV. JAWA TIMUR,"{""website"": ""stie.wilwatiktaa.ac.id"", ""email"": ""stie.wilwatikta@gmail.com"", ""phone"": ""081232890611""}",-1,-1,-1,-1,-1,-1,-1,-1,-1,-1,-1
323,STAI PENGEMBANGAN ILMU AL-QUR`ANKOTA PADANG  SUMATERA BARAT,-1,Jl. Dr. H. Abdullah Ahmad No. 2 Padang  Sumatera Barat - Indonesia,KOTA PADANG,PROV. SUMATERA BARAT,"{""website"": ""https://www.staipiq.ac.id"", ""email"": ""info@staipiq.ac.id"", ""phone"": ""0751-27311 / 0751-841870""}",1800000,1200000,2400000,3600000,2400000,4800000,-1,-1,-1,-1,-1
324,AKADEMI KEBIDANAN BUDI MULIA,-1,Jl. Wali Songo Rt. 03 Kel. Kenali Besar  Kec. Kotabaru   Jambi,KOTA JAMBI,PROV. JAMBI,"{""website"": ""http://budimulia.ac.id"", ""email"": ""akbidbudimuliajambi@yahoo.co.id"", ""phone"": ""081366828846""}",30250000,5500000,55000000,60500000,11000000,110000000,-1,-1,-1,-1,-1
325,AKADEMI KEBIDANAN MENARA PRIMADANI,-1,Soppeng,KAB. SOPPENG,PROV. SULAWESI SELATAN,"{""website"": ""akbidmps.ac.id"", ""email"": ""akbid_primadanisoppeng@yahoo.co.id"", ""phone"": ""085251691864""}",2400000,2400000,2400000,4800000,4800000,4800000,-1,-1,-1,-1,-1
326,INSTITUT AGAMA ISLAM NEGERI BONE,-1,Jl. Hos Cokroaminoto Watampone  Kab. Bone  Propinsi Sulawesi Selatan,KAB. BONE,PROV. SULAWESI SELATAN,"{""website"": ""iain-bone.ac.id"", ""email"": ""info@iain-bone.ac.id"", ""phone"": """"}",5100000,200000,10000000,10200000,400000,20000000,-1,-1,-1,-1,-1
